S,0,0,370,0,0
S,1,4000,371,0,0
S,2,8000,369,0,0
S,3,12000,368,0,0
S,4,16000,369,0,0
S,5,20000,368,0,0
S,6,24000,370,0,0
S,7,28000,373,0,0
S,8,32000,369,0,0
S,9,36000,369,0,0
S,10,40000,371,0,0
S,11,44000,371,0,0
S,12,48000,371,0,0
S,13,52000,368,0,0
S,14,56000,370,0,0
S,15,60000,372,0,0
S,16,64000,368,0,0
S,17,68000,370,0,0
S,18,72000,366,0,0
S,19,76000,368,0,0
S,20,80000,367,0,0
S,21,84000,370,0,0
S,22,88000,368,0,0
S,23,92000,371,0,0
S,24,96000,371,0,0
S,25,100000,371,0,0
S,26,104000,365,0,0
S,27,108000,370,0,0
S,28,112000,371,0,0
S,29,116000,371,0,0
S,30,120000,368,0,0
S,31,124000,370,0,0
S,32,128000,369,0,0
S,33,132000,369,0,0
S,34,136000,374,0,0
S,35,140000,370,0,0
S,36,144000,371,0,0
S,37,148000,373,0,0
S,38,152000,370,0,0
S,39,156000,371,0,0
S,40,160000,372,0,0
S,41,164000,372,0,0
S,42,168000,369,0,0
S,43,172000,372,0,0
S,44,176000,375,0,0
S,45,180000,368,0,0
S,46,184000,374,0,0
S,47,188000,372,0,0
S,48,192000,370,0,0
S,49,196000,376,0,0
S,50,200000,374,0,0
S,51,204000,374,0,0
S,52,208000,378,0,0
S,53,212000,374,0,0
S,54,216000,369,0,0
S,55,220000,372,0,0
S,56,224000,371,0,0
S,57,228000,376,0,0
S,58,232000,372,0,0
S,59,236000,365,0,0
S,60,240000,370,0,0
S,61,244000,374,0,0
S,62,248000,379,0,0
S,63,252000,369,0,0
S,64,256000,368,0,0
S,65,260000,370,0,0
S,66,264000,376,0,0
S,67,268000,377,0,0
S,68,272000,366,0,0
S,69,276000,365,0,0
S,70,280000,370,0,0
S,71,284000,369,0,0
S,72,288000,373,0,0
S,73,292000,368,0,0
S,74,296000,366,0,0
S,75,300000,367,0,0
S,76,304000,365,0,0
S,77,308000,361,0,0
S,78,312000,359,0,0
S,79,316000,368,0,0
S,80,320000,364,0,0
S,81,324000,365,0,0
S,82,328000,362,0,0
S,83,332000,360,0,0
S,84,336000,365,0,0
S,85,340000,366,0,0
S,86,344000,367,0,0
S,87,348000,363,0,0
S,88,352000,364,0,0
S,89,356000,369,0,0
S,90,360000,373,0,0
S,91,364000,380,0,0
S,92,368000,376,0,0
S,93,372000,375,0,0
S,94,376000,377,0,0
S,95,380000,385,0,0
S,96,384000,382,0,0
S,97,388000,385,0,0
S,98,392000,385,0,0
S,99,396000,379,0,0
S,100,400000,384,0,0
S,101,404000,386,0,0
S,102,408000,390,0,0
S,103,412000,386,0,0
S,104,416000,371,0,0
S,105,420000,371,0,0
S,106,424000,374,0,0
S,107,428000,374,0,0
S,108,432000,364,0,0
S,109,436000,361,0,0
S,110,440000,365,0,0
S,111,444000,371,0,0
S,112,448000,369,0,0
S,113,452000,361,0,0
S,114,456000,363,0,0
S,115,460000,363,0,0
S,116,464000,372,0,0
S,117,468000,369,0,0
S,118,472000,363,0,0
S,119,476000,367,0,0
S,120,480000,369,0,0
S,121,484000,370,0,0
S,122,488000,370,0,0
S,123,492000,351,0,0
S,124,496000,360,0,0
S,125,500000,387,0,0
S,126,504000,409,0,0
S,127,508000,474,0,0
S,128,512000,532,0,0
S,129,516000,598,0,0
S,130,520000,622,0,0
S,131,524000,589,0,0
S,132,528000,508,0,0
S,133,532000,427,0,0
S,134,536000,387,0,0
S,135,540000,367,0,0
S,136,544000,357,0,0
S,137,548000,349,0,0
S,138,552000,348,0,0
S,139,556000,346,0,0
S,140,560000,355,0,0
S,141,564000,351,0,0
S,142,568000,348,0,0
S,143,572000,345,0,0
S,144,576000,345,0,0
S,145,580000,351,0,0
S,146,584000,359,0,0
S,147,588000,349,0,0
S,148,592000,353,0,0
S,149,596000,351,0,0
S,150,600000,358,0,0
S,151,604000,358,0,0
S,152,608000,354,0,0
S,153,612000,352,0,0
S,154,616000,354,0,0
S,155,620000,359,0,0
S,156,624000,361,0,0
S,157,628000,356,0,0
S,158,632000,359,0,0
S,159,636000,358,0,0
S,160,640000,360,0,0
S,161,644000,368,0,0
S,162,648000,365,0,0
S,163,652000,358,0,0
S,164,656000,363,0,0
S,165,660000,364,0,0
S,166,664000,367,0,0
S,167,668000,375,0,0
S,168,672000,371,0,0
S,169,676000,369,0,0
S,170,680000,371,0,0
S,171,684000,377,0,0
S,172,688000,381,0,0
S,173,692000,380,0,0
S,174,696000,375,0,0
S,175,700000,378,0,0
S,176,704000,388,0,0
S,177,708000,390,0,0
S,178,712000,391,0,0
S,179,716000,388,0,0
S,180,720000,390,0,0
S,181,724000,394,0,0
S,182,728000,402,0,0
S,183,732000,398,0,0
S,184,736000,397,0,0
S,185,740000,402,0,0
S,186,744000,407,0,0
S,187,748000,410,0,0
S,188,752000,408,0,0
S,189,756000,402,0,0
S,190,760000,403,0,0
S,191,764000,414,0,0
S,192,768000,414,0,0
S,193,772000,409,0,0
S,194,776000,404,0,0
S,195,780000,405,0,0
S,196,784000,404,0,0
S,197,788000,404,0,0
S,198,792000,395,0,0
S,199,796000,388,0,0
S,200,800000,379,0,0
S,201,804000,384,0,0
S,202,808000,381,0,0
S,203,812000,374,0,0
S,204,816000,372,0,0
S,205,820000,368,0,0
S,206,824000,363,0,0
S,207,828000,363,0,0
S,208,832000,362,0,0
S,209,836000,353,0,0
S,210,840000,357,0,0
S,211,844000,361,0,0
S,212,848000,355,0,0
S,213,852000,349,0,0
S,214,856000,354,0,0
S,215,860000,359,0,0
S,216,864000,360,0,0
S,217,868000,360,0,0
S,218,872000,352,0,0
S,219,876000,353,0,0
S,220,880000,363,0,0
S,221,884000,360,0,0
S,222,888000,358,0,0
S,223,892000,357,0,0
S,224,896000,358,0,0
S,225,900000,364,0,0
S,226,904000,361,0,0
S,227,908000,361,0,0
S,228,912000,370,0,0
S,229,916000,365,0,0
S,230,920000,365,0,0
S,231,924000,366,0,0
S,232,928000,373,0,0
S,233,932000,373,0,0
S,234,936000,373,0,0
S,235,940000,363,0,0
S,236,944000,370,0,0
S,237,948000,371,0,0
S,238,952000,372,0,0
S,239,956000,365,0,0
S,240,960000,366,0,0
S,241,964000,378,0,0
S,242,968000,376,0,0
S,243,972000,376,0,0
S,244,976000,375,0,0
S,245,980000,379,0,0
S,246,984000,376,0,0
S,247,988000,371,0,0
S,248,992000,374,0,0
S,249,996000,372,0,0
S,250,1000000,369,0,0
S,251,1004000,375,0,0
S,252,1008000,379,0,0
S,253,1012000,376,0,0
S,254,1016000,373,0,0
S,255,1020000,374,0,0
S,256,1024000,378,0,0
S,257,1028000,376,0,0
S,258,1032000,376,0,0
S,259,1036000,376,0,0
S,260,1040000,376,0,0
S,261,1044000,378,0,0
S,262,1048000,377,0,0
S,263,1052000,376,0,0
S,264,1056000,374,0,0
S,265,1060000,377,0,0
S,266,1064000,374,0,0
S,267,1068000,378,0,0
S,268,1072000,373,0,0
S,269,1076000,376,0,0
S,270,1080000,376,0,0
S,271,1084000,373,0,0
S,272,1088000,380,0,0
S,273,1092000,379,0,0
S,274,1096000,375,0,0
S,275,1100000,378,0,0
S,276,1104000,377,0,0
S,277,1108000,370,0,0
S,278,1112000,376,0,0
S,279,1116000,376,0,0
S,280,1120000,376,0,0
S,281,1124000,374,0,0
S,282,1128000,375,0,0
S,283,1132000,375,0,0
S,284,1136000,378,0,0
S,285,1140000,377,0,0
S,286,1144000,376,0,0
S,287,1148000,379,0,0
S,288,1152000,375,0,0
S,289,1156000,375,0,0
S,290,1160000,372,0,0
S,291,1164000,379,0,0
S,292,1168000,378,0,0
S,293,1172000,378,0,0
S,294,1176000,377,0,0
S,295,1180000,376,0,0
S,296,1184000,376,0,0
S,297,1188000,375,0,0
S,298,1192000,375,0,0
S,299,1196000,376,0,0
S,300,1200000,379,0,0
S,301,1204000,377,0,0
S,302,1208000,376,0,0
S,303,1212000,374,0,0
S,304,1216000,374,0,0
S,305,1220000,379,0,0
S,306,1224000,377,0,0
S,307,1228000,376,0,0
S,308,1232000,375,0,0
S,309,1236000,373,0,0
S,310,1240000,375,0,0
S,311,1244000,377,0,0
S,312,1248000,375,0,0
S,313,1252000,375,0,0
S,314,1256000,375,0,0
S,315,1260000,376,0,0
S,316,1264000,372,0,0
S,317,1268000,375,0,0
S,318,1272000,374,0,0
S,319,1276000,377,0,0
S,320,1280000,374,0,0
S,321,1284000,377,0,0
S,322,1288000,379,0,0
S,323,1292000,375,0,0
S,324,1296000,374,0,0
S,325,1300000,376,0,0
S,326,1304000,375,0,0
S,327,1308000,373,0,0
S,328,1312000,376,0,0
S,329,1316000,380,0,0
S,330,1320000,375,0,0
S,331,1324000,375,0,0
S,332,1328000,373,0,0
S,333,1332000,376,0,0
S,334,1336000,372,0,0
S,335,1340000,373,0,0
S,336,1344000,378,0,0
S,337,1348000,373,0,0
S,338,1352000,377,0,0
S,339,1356000,378,0,0
S,340,1360000,376,0,0
S,341,1364000,376,0,0
S,342,1368000,379,0,0
S,343,1372000,375,0,0
S,344,1376000,374,0,0
S,345,1380000,372,0,0
S,346,1384000,375,0,0
S,347,1388000,378,0,0
S,348,1392000,377,0,0
S,349,1396000,373,0,0
S,350,1400000,373,0,0
S,351,1404000,374,0,0
S,352,1408000,375,0,0
S,353,1412000,374,0,0
S,354,1416000,375,0,0
S,355,1420000,375,0,0
S,356,1424000,374,0,0
S,357,1428000,375,0,0
S,358,1432000,375,0,0
S,359,1436000,374,0,0
S,360,1440000,376,0,0
S,361,1444000,379,0,0
S,362,1448000,376,0,0
S,363,1452000,375,0,0
S,364,1456000,371,0,0
S,365,1460000,375,0,0
S,366,1464000,370,0,0
S,367,1468000,376,0,0
S,368,1472000,382,0,0
S,369,1476000,377,0,0
S,370,1480000,371,0,0
S,371,1484000,369,0,0
S,372,1488000,373,0,0
S,373,1492000,375,0,0
S,374,1496000,373,0,0
S,375,1500000,373,0,0
S,376,1504000,372,0,0
S,377,1508000,375,0,0
S,378,1512000,378,0,0
S,379,1516000,373,0,0
S,380,1520000,371,0,0
S,381,1524000,370,0,0
S,382,1528000,376,0,0
S,383,1532000,373,0,0
S,384,1536000,372,0,0
S,385,1540000,370,0,0
S,386,1544000,372,0,0
S,387,1548000,374,0,0
S,388,1552000,376,0,0
S,389,1556000,370,0,0
S,390,1560000,364,0,0
S,391,1564000,366,0,0
S,392,1568000,364,0,0
S,393,1572000,360,0,0
S,394,1576000,362,0,0
S,395,1580000,365,0,0
S,396,1584000,366,0,0
S,397,1588000,369,0,0
S,398,1592000,358,0,0
S,399,1596000,359,0,0
S,400,1600000,366,0,0
S,401,1604000,369,0,0
S,402,1608000,367,0,0
S,403,1612000,367,0,0
S,404,1616000,362,0,0
S,405,1620000,365,0,0
S,406,1624000,371,0,0
S,407,1628000,380,0,0
S,408,1632000,377,0,0
S,409,1636000,368,0,0
S,410,1640000,380,0,0
S,411,1644000,384,0,0
S,412,1648000,387,0,0
S,413,1652000,383,0,0
S,414,1656000,387,0,0
S,415,1660000,381,0,0
S,416,1664000,390,0,0
S,417,1668000,387,0,0
S,418,1672000,392,0,0
S,419,1676000,378,0,0
S,420,1680000,372,0,0
S,421,1684000,368,0,0
S,422,1688000,372,0,0
S,423,1692000,374,0,0
S,424,1696000,361,0,0
S,425,1700000,363,0,0
S,426,1704000,363,0,0
S,427,1708000,366,0,0
S,428,1712000,369,0,0
S,429,1716000,359,0,0
S,430,1720000,361,0,0
S,431,1724000,362,0,0
S,432,1728000,368,0,0
S,433,1732000,369,0,0
S,434,1736000,357,0,0
S,435,1740000,362,0,0
S,436,1744000,367,0,0
S,437,1748000,371,0,0
S,438,1752000,365,0,0
S,439,1756000,353,0,0
S,440,1760000,359,0,0
S,441,1764000,382,0,0
S,442,1768000,413,0,0
S,443,1772000,469,0,0
S,444,1776000,537,0,0
S,445,1780000,592,0,0
S,446,1784000,622,0,0
S,447,1788000,584,0,0
S,448,1792000,503,0,0
S,449,1796000,429,0,0
S,450,1800000,382,0,0
S,451,1804000,362,0,0
S,452,1808000,355,0,0
S,453,1812000,344,0,0
S,454,1816000,345,0,0
S,455,1820000,346,0,0
S,456,1824000,352,0,0
S,457,1828000,348,0,0
S,458,1832000,344,0,0
S,459,1836000,340,0,0
S,460,1840000,345,0,0
S,461,1844000,348,0,0
S,462,1848000,348,0,0
S,463,1852000,346,0,0
S,464,1856000,350,0,0
S,465,1860000,344,0,0
S,466,1864000,354,0,0
S,467,1868000,354,0,0
S,468,1872000,349,0,0
S,469,1876000,349,0,0
S,470,1880000,349,0,0
S,471,1884000,354,0,0
S,472,1888000,361,0,0
S,473,1892000,352,0,0
S,474,1896000,352,0,0
S,475,1900000,353,0,0
S,476,1904000,355,0,0
S,477,1908000,359,0,0
S,478,1912000,362,0,0
S,479,1916000,356,0,0
S,480,1920000,359,0,0
S,481,1924000,361,0,0
S,482,1928000,367,0,0
S,483,1932000,369,0,0
S,484,1936000,371,0,0
S,485,1940000,362,0,0
S,486,1944000,364,0,0
S,487,1948000,369,0,0
S,488,1952000,375,0,0
S,489,1956000,377,0,0
S,490,1960000,374,0,0
S,491,1964000,373,0,0
S,492,1968000,377,0,0
S,493,1972000,385,0,0
S,494,1976000,388,0,0
S,495,1980000,377,0,0
S,496,1984000,387,0,0
S,497,1988000,388,0,0
S,498,1992000,397,0,0
S,499,1996000,391,0,0
S,500,2000000,391,0,0
S,501,2004000,393,0,0
S,502,2008000,397,0,0
S,503,2012000,406,0,0
S,504,2016000,404,0,0
S,505,2020000,397,0,0
S,506,2024000,398,0,0
S,507,2028000,402,0,0
S,508,2032000,405,0,0
S,509,2036000,404,0,0
S,510,2040000,396,0,0
S,511,2044000,397,0,0
S,512,2048000,394,0,0
S,513,2052000,395,0,0
S,514,2056000,389,0,0
S,515,2060000,381,0,0
S,516,2064000,380,0,0
S,517,2068000,375,0,0
S,518,2072000,372,0,0
S,519,2076000,365,0,0
S,520,2080000,360,0,0
S,521,2084000,357,0,0
S,522,2088000,359,0,0
S,523,2092000,358,0,0
S,524,2096000,354,0,0
S,525,2100000,348,0,0
S,526,2104000,351,0,0
S,527,2108000,352,0,0
S,528,2112000,350,0,0
S,529,2116000,345,0,0
S,530,2120000,346,0,0
S,531,2124000,351,0,0
S,532,2128000,354,0,0
S,533,2132000,353,0,0
S,534,2136000,344,0,0
S,535,2140000,349,0,0
S,536,2144000,353,0,0
S,537,2148000,353,0,0
S,538,2152000,354,0,0
S,539,2156000,344,0,0
S,540,2160000,351,0,0
S,541,2164000,356,0,0
S,542,2168000,355,0,0
S,543,2172000,354,0,0
S,544,2176000,364,0,0
S,545,2180000,357,0,0
S,546,2184000,357,0,0
S,547,2188000,359,0,0
S,548,2192000,364,0,0
S,549,2196000,362,0,0
S,550,2200000,362,0,0
S,551,2204000,358,0,0
S,552,2208000,360,0,0
S,553,2212000,362,0,0
S,554,2216000,365,0,0
S,555,2220000,356,0,0
S,556,2224000,360,0,0
S,557,2228000,368,0,0
S,558,2232000,368,0,0
S,559,2236000,369,0,0
S,560,2240000,366,0,0
S,561,2244000,367,0,0
S,562,2248000,369,0,0
S,563,2252000,369,0,0
S,564,2256000,368,0,0
S,565,2260000,364,0,0
S,566,2264000,369,0,0
S,567,2268000,370,0,0
S,568,2272000,370,0,0
S,569,2276000,368,0,0
S,570,2280000,364,0,0
S,571,2284000,369,0,0
S,572,2288000,367,0,0
S,573,2292000,362,0,0
S,574,2296000,368,0,0
S,575,2300000,364,0,0
S,576,2304000,364,0,0
S,577,2308000,366,0,0
S,578,2312000,370,0,0
S,579,2316000,366,0,0
S,580,2320000,368,0,0
S,581,2324000,371,0,0
S,582,2328000,371,0,0
S,583,2332000,367,0,0
S,584,2336000,366,0,0
S,585,2340000,364,0,0
S,586,2344000,365,0,0
S,587,2348000,368,0,0
S,588,2352000,368,0,0
S,589,2356000,367,0,0
S,590,2360000,369,0,0
S,591,2364000,365,0,0
S,592,2368000,367,0,0
S,593,2372000,368,0,0
S,594,2376000,368,0,0
S,595,2380000,369,0,0
S,596,2384000,367,0,0
S,597,2388000,366,0,0
S,598,2392000,367,0,0
S,599,2396000,364,0,0
S,600,2400000,363,0,0
S,601,2404000,368,0,0
S,602,2408000,366,0,0
S,603,2412000,367,0,0
S,604,2416000,363,0,0
S,605,2420000,366,0,0
S,606,2424000,365,0,0
S,607,2428000,364,0,0
S,608,2432000,361,0,0
S,609,2436000,365,0,0
S,610,2440000,368,0,0
S,611,2444000,367,0,0
S,612,2448000,365,0,0
S,613,2452000,366,0,0
S,614,2456000,368,0,0
S,615,2460000,360,0,0
S,616,2464000,366,0,0
S,617,2468000,367,0,0
S,618,2472000,367,0,0
S,619,2476000,370,0,0
S,620,2480000,368,0,0
S,621,2484000,367,0,0
S,622,2488000,367,0,0
S,623,2492000,368,0,0
S,624,2496000,365,0,0
S,625,2500000,366,0,0
S,626,2504000,368,0,0
S,627,2508000,370,0,0
S,628,2512000,365,0,0
S,629,2516000,366,0,0
S,630,2520000,366,0,0
S,631,2524000,369,0,0
S,632,2528000,366,0,0
S,633,2532000,369,0,0
S,634,2536000,363,0,0
S,635,2540000,365,0,0
S,636,2544000,365,0,0
S,637,2548000,367,0,0
S,638,2552000,368,0,0
S,639,2556000,362,0,0
S,640,2560000,363,0,0
S,641,2564000,366,0,0
S,642,2568000,364,0,0
S,643,2572000,362,0,0
S,644,2576000,368,0,0
S,645,2580000,366,0,0
S,646,2584000,366,0,0
S,647,2588000,364,0,0
S,648,2592000,367,0,0
S,649,2596000,365,0,0
S,650,2600000,368,0,0
S,651,2604000,363,0,0
S,652,2608000,363,0,0
S,653,2612000,366,0,0
S,654,2616000,364,0,0
S,655,2620000,367,0,0
S,656,2624000,366,0,0
S,657,2628000,363,0,0
S,658,2632000,365,0,0
S,659,2636000,364,0,0
S,660,2640000,367,0,0
S,661,2644000,364,0,0
S,662,2648000,364,0,0
S,663,2652000,368,0,0
S,664,2656000,370,0,0
S,665,2660000,369,0,0
S,666,2664000,365,0,0
S,667,2668000,365,0,0
S,668,2672000,368,0,0
S,669,2676000,364,0,0
S,670,2680000,363,0,0
S,671,2684000,365,0,0
S,672,2688000,366,0,0
S,673,2692000,363,0,0
S,674,2696000,361,0,0
S,675,2700000,361,0,0
S,676,2704000,366,0,0
S,677,2708000,363,0,0
S,678,2712000,364,0,0
S,679,2716000,365,0,0
S,680,2720000,366,0,0
S,681,2724000,364,0,0
S,682,2728000,366,0,0
S,683,2732000,368,0,0
S,684,2736000,370,0,0
S,685,2740000,363,0,0
S,686,2744000,364,0,0
S,687,2748000,362,0,0
S,688,2752000,362,0,0
S,689,2756000,366,0,0
S,690,2760000,361,0,0
S,691,2764000,360,0,0
S,692,2768000,358,0,0
S,693,2772000,365,0,0
S,694,2776000,370,0,0
S,695,2780000,369,0,0
S,696,2784000,363,0,0
S,697,2788000,362,0,0
S,698,2792000,368,0,0
S,699,2796000,371,0,0
S,700,2800000,360,0,0
S,701,2804000,357,0,0
S,702,2808000,363,0,0
S,703,2812000,366,0,0
S,704,2816000,367,0,0
S,705,2820000,359,0,0
S,706,2824000,359,0,0
S,707,2828000,361,0,0
S,708,2832000,358,0,0
S,709,2836000,355,0,0
S,710,2840000,347,0,0
S,711,2844000,358,0,0
S,712,2848000,356,0,0
S,713,2852000,358,0,0
S,714,2856000,354,0,0
S,715,2860000,350,0,0
S,716,2864000,352,0,0
S,717,2868000,360,0,0
S,718,2872000,356,0,0
S,719,2876000,354,0,0
S,720,2880000,351,0,0
S,721,2884000,357,0,0
S,722,2888000,359,0,0
S,723,2892000,372,0,0
S,724,2896000,368,0,0
S,725,2900000,366,0,0
S,726,2904000,372,0,0
S,727,2908000,374,0,0
S,728,2912000,371,0,0
S,729,2916000,373,0,0
S,730,2920000,376,0,0
S,731,2924000,373,0,0
S,732,2928000,375,0,0
S,733,2932000,374,0,0
S,734,2936000,381,0,0
S,735,2940000,368,0,0
S,736,2944000,364,0,0
S,737,2948000,363,0,0
S,738,2952000,363,0,0
S,739,2956000,363,0,0
S,740,2960000,354,0,0
S,741,2964000,351,0,0
S,742,2968000,350,0,0
S,743,2972000,360,0,0
S,744,2976000,365,0,0
S,745,2980000,355,0,0
S,746,2984000,356,0,0
S,747,2988000,357,0,0
S,748,2992000,360,0,0
S,749,2996000,364,0,0
S,750,3000000,351,0,0
S,751,3004000,356,0,0
S,752,3008000,358,0,0
S,753,3012000,361,0,0
S,754,3016000,359,0,0
S,755,3020000,345,0,0
S,756,3024000,350,0,0
S,757,3028000,375,0,0
S,758,3032000,408,0,0
S,759,3036000,462,0,0
S,760,3040000,525,0,0
S,761,3044000,587,0,0
S,762,3048000,615,0,0
S,763,3052000,575,0,0
S,764,3056000,497,0,0
S,765,3060000,422,0,0
S,766,3064000,375,0,0
S,767,3068000,353,0,0
S,768,3072000,350,0,0
S,769,3076000,338,0,0
S,770,3080000,338,0,0
S,771,3084000,337,0,0
S,772,3088000,345,0,0
S,773,3092000,338,0,0
S,774,3096000,336,0,0
S,775,3100000,335,0,0
S,776,3104000,338,0,0
S,777,3108000,344,0,0
S,778,3112000,348,0,0
S,779,3116000,336,0,0
S,780,3120000,342,0,0
S,781,3124000,339,0,0
S,782,3128000,348,0,0
S,783,3132000,349,0,0
S,784,3136000,342,0,0
S,785,3140000,337,0,0
S,786,3144000,343,0,0
S,787,3148000,346,0,0
S,788,3152000,352,0,0
S,789,3156000,348,0,0
S,790,3160000,345,0,0
S,791,3164000,352,0,0
S,792,3168000,351,0,0
S,793,3172000,353,0,0
S,794,3176000,350,0,0
S,795,3180000,348,0,0
S,796,3184000,350,0,0
S,797,3188000,355,0,0
S,798,3192000,359,0,0
S,799,3196000,358,0,0
S,800,3200000,362,0,0
S,801,3204000,358,0,0
S,802,3208000,362,0,0
S,803,3212000,366,0,0
S,804,3216000,373,0,0
S,805,3220000,369,0,0
S,806,3224000,369,0,0
S,807,3228000,370,0,0
S,808,3232000,375,0,0
S,809,3236000,381,0,0
S,810,3240000,376,0,0
S,811,3244000,377,0,0
S,812,3248000,380,0,0
S,813,3252000,385,0,0
S,814,3256000,386,0,0
S,815,3260000,391,0,0
S,816,3264000,387,0,0
S,817,3268000,388,0,0
S,818,3272000,390,0,0
S,819,3276000,397,0,0
S,820,3280000,396,0,0
S,821,3284000,391,0,0
S,822,3288000,395,0,0
S,823,3292000,399,0,0
S,824,3296000,402,0,0
S,825,3300000,397,0,0
S,826,3304000,392,0,0
S,827,3308000,395,0,0
S,828,3312000,397,0,0
S,829,3316000,389,0,0
S,830,3320000,384,0,0
S,831,3324000,372,0,0
S,832,3328000,373,0,0
S,833,3332000,368,0,0
S,834,3336000,368,0,0
S,835,3340000,361,0,0
S,836,3344000,355,0,0
S,837,3348000,352,0,0
S,838,3352000,354,0,0
S,839,3356000,351,0,0
S,840,3360000,346,0,0
S,841,3364000,343,0,0
S,842,3368000,346,0,0
S,843,3372000,348,0,0
S,844,3376000,344,0,0
S,845,3380000,342,0,0
S,846,3384000,345,0,0
S,847,3388000,349,0,0
S,848,3392000,350,0,0
S,849,3396000,347,0,0
S,850,3400000,345,0,0
S,851,3404000,344,0,0
S,852,3408000,350,0,0
S,853,3412000,349,0,0
S,854,3416000,354,0,0
S,855,3420000,346,0,0
S,856,3424000,350,0,0
S,857,3428000,351,0,0
S,858,3432000,354,0,0
S,859,3436000,351,0,0
S,860,3440000,361,0,0
S,861,3444000,362,0,0
S,862,3448000,356,0,0
S,863,3452000,356,0,0
S,864,3456000,361,0,0
S,865,3460000,362,0,0
S,866,3464000,361,0,0
S,867,3468000,354,0,0
S,868,3472000,354,0,0
S,869,3476000,360,0,0
S,870,3480000,362,0,0
S,871,3484000,358,0,0
S,872,3488000,360,0,0
S,873,3492000,366,0,0
S,874,3496000,368,0,0
S,875,3500000,363,0,0
S,876,3504000,368,0,0
S,877,3508000,370,0,0
S,878,3512000,368,0,0
S,879,3516000,366,0,0
S,880,3520000,366,0,0
S,881,3524000,370,0,0
S,882,3528000,364,0,0
S,883,3532000,366,0,0
S,884,3536000,367,0,0
S,885,3540000,368,0,0
S,886,3544000,365,0,0
S,887,3548000,367,0,0
S,888,3552000,366,0,0
S,889,3556000,366,0,0
S,890,3560000,366,0,0
S,891,3564000,364,0,0
S,892,3568000,366,0,0
S,893,3572000,368,0,0
S,894,3576000,364,0,0
S,895,3580000,366,0,0
S,896,3584000,368,0,0
S,897,3588000,364,0,0
S,898,3592000,367,0,0
S,899,3596000,364,0,0
S,900,3600000,369,0,0
S,901,3604000,372,0,0
S,902,3608000,371,0,0
S,903,3612000,366,0,0
S,904,3616000,368,0,0
S,905,3620000,367,0,0
S,906,3624000,367,0,0
S,907,3628000,370,0,0
S,908,3632000,364,0,0
S,909,3636000,369,0,0
S,910,3640000,367,0,0
S,911,3644000,370,0,0
S,912,3648000,367,0,0
S,913,3652000,365,0,0
S,914,3656000,368,0,0
S,915,3660000,369,0,0
S,916,3664000,367,0,0
S,917,3668000,368,0,0
S,918,3672000,366,0,0
S,919,3676000,362,0,0
S,920,3680000,369,0,0
S,921,3684000,369,0,0
S,922,3688000,368,0,0
S,923,3692000,367,0,0
S,924,3696000,370,0,0
S,925,3700000,366,0,0
S,926,3704000,366,0,0
S,927,3708000,367,0,0
S,928,3712000,370,0,0
S,929,3716000,364,0,0
S,930,3720000,370,0,0
S,931,3724000,366,0,0
S,932,3728000,365,0,0
S,933,3732000,370,0,0
S,934,3736000,367,0,0
S,935,3740000,365,0,0
S,936,3744000,367,0,0
S,937,3748000,370,0,0
S,938,3752000,370,0,0
S,939,3756000,367,0,0
S,940,3760000,369,0,0
S,941,3764000,369,0,0
S,942,3768000,366,0,0
S,943,3772000,369,0,0
S,944,3776000,368,0,0
S,945,3780000,367,0,0
S,946,3784000,367,0,0
S,947,3788000,368,0,0
S,948,3792000,368,0,0
S,949,3796000,367,0,0
S,950,3800000,367,0,0
S,951,3804000,371,0,0
S,952,3808000,369,0,0
S,953,3812000,370,0,0
S,954,3816000,371,0,0
S,955,3820000,370,0,0
S,956,3824000,373,0,0
S,957,3828000,367,0,0
S,958,3832000,370,0,0
S,959,3836000,368,0,0
S,960,3840000,373,0,0
S,961,3844000,372,0,0
S,962,3848000,364,0,0
S,963,3852000,366,0,0
S,964,3856000,370,0,0
S,965,3860000,370,0,0
S,966,3864000,370,0,0
S,967,3868000,369,0,0
S,968,3872000,370,0,0
S,969,3876000,370,0,0
S,970,3880000,369,0,0
S,971,3884000,371,0,0
S,972,3888000,364,0,0
S,973,3892000,370,0,0
S,974,3896000,367,0,0
S,975,3900000,371,0,0
S,976,3904000,369,0,0
S,977,3908000,367,0,0
S,978,3912000,370,0,0
S,979,3916000,367,0,0
S,980,3920000,367,0,0
S,981,3924000,366,0,0
S,982,3928000,369,0,0
S,983,3932000,370,0,0
S,984,3936000,372,0,0
S,985,3940000,369,0,0
S,986,3944000,372,0,0
S,987,3948000,370,0,0
S,988,3952000,369,0,0
S,989,3956000,371,0,0
S,990,3960000,372,0,0
S,991,3964000,369,0,0
S,992,3968000,369,0,0
S,993,3972000,369,0,0
S,994,3976000,370,0,0
S,995,3980000,368,0,0
S,996,3984000,372,0,0
S,997,3988000,369,0,0
S,998,3992000,371,0,0
S,999,3996000,373,0,0
S,1000,4000000,377,0,0
S,1001,4004000,372,0,0
S,1002,4008000,366,0,0
S,1003,4012000,373,0,0
S,1004,4016000,370,0,0
S,1005,4020000,376,0,0
S,1006,4024000,369,0,0
S,1007,4028000,363,0,0
S,1008,4032000,366,0,0
S,1009,4036000,374,0,0
S,1010,4040000,377,0,0
S,1011,4044000,370,0,0
S,1012,4048000,367,0,0
S,1013,4052000,365,0,0
S,1014,4056000,372,0,0
S,1015,4060000,368,0,0
S,1016,4064000,367,0,0
S,1017,4068000,363,0,0
S,1018,4072000,365,0,0
S,1019,4076000,371,0,0
S,1020,4080000,372,0,0
S,1021,4084000,364,0,0
S,1022,4088000,358,0,0
S,1023,4092000,362,0,0
S,1024,4096000,359,0,0
S,1025,4100000,358,0,0
S,1026,4104000,361,0,0
S,1027,4108000,361,0,0
S,1028,4112000,364,0,0
S,1029,4116000,361,0,0
S,1030,4120000,360,0,0
S,1031,4124000,357,0,0
S,1032,4128000,363,0,0
S,1033,4132000,367,0,0
S,1034,4136000,369,0,0
S,1035,4140000,363,0,0
S,1036,4144000,360,0,0
S,1037,4148000,363,0,0
S,1038,4152000,373,0,0
S,1039,4156000,376,0,0
S,1040,4160000,376,0,0
S,1041,4164000,370,0,0
S,1042,4168000,379,0,0
S,1043,4172000,377,0,0
S,1044,4176000,382,0,0
S,1045,4180000,385,0,0
S,1046,4184000,386,0,0
S,1047,4188000,380,0,0
S,1048,4192000,382,0,0
S,1049,4196000,383,0,0
S,1050,4200000,388,0,0
S,1051,4204000,384,0,0
S,1052,4208000,373,0,0
S,1053,4212000,369,0,0
S,1054,4216000,370,0,0
S,1055,4220000,370,0,0
S,1056,4224000,365,0,0
S,1057,4228000,358,0,0
S,1058,4232000,361,0,0
S,1059,4236000,370,0,0
S,1060,4240000,371,0,0
S,1061,4244000,358,0,0
S,1062,4248000,359,0,0
S,1063,4252000,360,0,0
S,1064,4256000,368,0,0
S,1065,4260000,364,0,0
S,1066,4264000,361,0,0
S,1067,4268000,363,0,0
S,1068,4272000,369,0,0
S,1069,4276000,374,0,0
S,1070,4280000,371,0,0
S,1071,4284000,351,0,0
S,1072,4288000,363,0,0
S,1073,4292000,387,0,0
S,1074,4296000,410,0,0
S,1075,4300000,469,0,0
S,1076,4304000,535,0,0
S,1077,4308000,591,0,0
S,1078,4312000,625,0,0
S,1079,4316000,581,0,0
S,1080,4320000,503,0,0
S,1081,4324000,428,0,0
S,1082,4328000,382,0,0
S,1083,4332000,362,0,0
S,1084,4336000,357,0,0
S,1085,4340000,348,0,0
S,1086,4344000,350,0,0
S,1087,4348000,342,0,0
S,1088,4352000,351,0,0
S,1089,4356000,350,0,0
S,1090,4360000,347,0,0
S,1091,4364000,346,0,0
S,1092,4368000,343,0,0
S,1093,4372000,351,0,0
S,1094,4376000,356,0,0
S,1095,4380000,349,0,0
S,1096,4384000,348,0,0
S,1097,4388000,354,0,0
S,1098,4392000,364,0,0
S,1099,4396000,354,0,0
S,1100,4400000,354,0,0
S,1101,4404000,356,0,0
S,1102,4408000,355,0,0
S,1103,4412000,359,0,0
S,1104,4416000,362,0,0
S,1105,4420000,355,0,0
S,1106,4424000,353,0,0
S,1107,4428000,357,0,0
S,1108,4432000,362,0,0
S,1109,4436000,365,0,0
S,1110,4440000,360,0,0
S,1111,4444000,357,0,0
S,1112,4448000,362,0,0
S,1113,4452000,362,0,0
S,1114,4456000,370,0,0
S,1115,4460000,374,0,0
S,1116,4464000,371,0,0
S,1117,4468000,369,0,0
S,1118,4472000,372,0,0
S,1119,4476000,375,0,0
S,1120,4480000,381,0,0
S,1121,4484000,378,0,0
S,1122,4488000,378,0,0
S,1123,4492000,377,0,0
S,1124,4496000,387,0,0
S,1125,4500000,390,0,0
S,1126,4504000,388,0,0
S,1127,4508000,386,0,0
S,1128,4512000,389,0,0
S,1129,4516000,395,0,0
S,1130,4520000,398,0,0
S,1131,4524000,400,0,0
S,1132,4528000,395,0,0
S,1133,4532000,395,0,0
S,1134,4536000,402,0,0
S,1135,4540000,403,0,0
S,1136,4544000,406,0,0
S,1137,4548000,405,0,0
S,1138,4552000,406,0,0
S,1139,4556000,408,0,0
S,1140,4560000,409,0,0
S,1141,4564000,413,0,0
S,1142,4568000,402,0,0
S,1143,4572000,403,0,0
S,1144,4576000,404,0,0
S,1145,4580000,406,0,0
S,1146,4584000,398,0,0
S,1147,4588000,384,0,0
S,1148,4592000,382,0,0
S,1149,4596000,382,0,0
S,1150,4600000,378,0,0
S,1151,4604000,369,0,0
S,1152,4608000,367,0,0
S,1153,4612000,362,0,0
S,1154,4616000,365,0,0
S,1155,4620000,366,0,0
S,1156,4624000,364,0,0
S,1157,4628000,352,0,0
S,1158,4632000,356,0,0
S,1159,4636000,358,0,0
S,1160,4640000,359,0,0
S,1161,4644000,355,0,0
S,1162,4648000,352,0,0
S,1163,4652000,356,0,0
S,1164,4656000,357,0,0
S,1165,4660000,357,0,0
S,1166,4664000,354,0,0
S,1167,4668000,355,0,0
S,1168,4672000,360,0,0
S,1169,4676000,360,0,0
S,1170,4680000,361,0,0
S,1171,4684000,356,0,0
S,1172,4688000,356,0,0
S,1173,4692000,362,0,0
S,1174,4696000,358,0,0
S,1175,4700000,360,0,0
S,1176,4704000,375,0,0
S,1177,4708000,362,0,0
S,1178,4712000,364,0,0
S,1179,4716000,368,0,0
S,1180,4720000,371,0,0
S,1181,4724000,370,0,0
S,1182,4728000,368,0,0
S,1183,4732000,365,0,0
S,1184,4736000,367,0,0
S,1185,4740000,366,0,0
S,1186,4744000,371,0,0
S,1187,4748000,366,0,0
S,1188,4752000,365,0,0
S,1189,4756000,376,0,0
S,1190,4760000,377,0,0
S,1191,4764000,378,0,0
S,1192,4768000,375,0,0
S,1193,4772000,378,0,0
S,1194,4776000,378,0,0
S,1195,4780000,378,0,0
S,1196,4784000,379,0,0
S,1197,4788000,375,0,0
S,1198,4792000,375,0,0
S,1199,4796000,378,0,0
S,1200,4800000,373,0,0
S,1201,4804000,376,0,0
S,1202,4808000,375,0,0
S,1203,4812000,375,0,0
S,1204,4816000,372,0,0
S,1205,4820000,374,0,0
S,1206,4824000,376,0,0
S,1207,4828000,378,0,0
S,1208,4832000,378,0,0
S,1209,4836000,376,0,0
S,1210,4840000,375,0,0
S,1211,4844000,374,0,0
S,1212,4848000,377,0,0
S,1213,4852000,375,0,0
S,1214,4856000,377,0,0
S,1215,4860000,380,0,0
S,1216,4864000,376,0,0
S,1217,4868000,373,0,0
S,1218,4872000,374,0,0
S,1219,4876000,373,0,0
S,1220,4880000,373,0,0
S,1221,4884000,379,0,0
S,1222,4888000,376,0,0
S,1223,4892000,373,0,0
S,1224,4896000,377,0,0
S,1225,4900000,379,0,0
S,1226,4904000,375,0,0
S,1227,4908000,374,0,0
S,1228,4912000,375,0,0
S,1229,4916000,377,0,0
S,1230,4920000,377,0,0
S,1231,4924000,379,0,0
S,1232,4928000,379,0,0
S,1233,4932000,379,0,0
S,1234,4936000,379,0,0
S,1235,4940000,377,0,0
S,1236,4944000,373,0,0
S,1237,4948000,376,0,0
S,1238,4952000,377,0,0
S,1239,4956000,375,0,0
S,1240,4960000,378,0,0
S,1241,4964000,375,0,0
S,1242,4968000,374,0,0
S,1243,4972000,379,0,0
S,1244,4976000,377,0,0
S,1245,4980000,376,0,0
S,1246,4984000,378,0,0
S,1247,4988000,378,0,0
S,1248,4992000,377,0,0
S,1249,4996000,371,0,0
S,1250,5000000,375,0,0
S,1251,5004000,375,0,0
S,1252,5008000,374,0,0
S,1253,5012000,376,0,0
S,1254,5016000,379,0,0
S,1255,5020000,375,0,0
S,1256,5024000,373,0,0
S,1257,5028000,380,0,0
S,1258,5032000,375,0,0
S,1259,5036000,373,0,0
S,1260,5040000,377,0,0
S,1261,5044000,377,0,0
S,1262,5048000,374,0,0
S,1263,5052000,378,0,0
S,1264,5056000,375,0,0
S,1265,5060000,374,0,0
S,1266,5064000,376,0,0
S,1267,5068000,378,0,0
S,1268,5072000,375,0,0
S,1269,5076000,377,0,0
S,1270,5080000,376,0,0
S,1271,5084000,382,0,0
S,1272,5088000,374,0,0
S,1273,5092000,379,0,0
S,1274,5096000,376,0,0
S,1275,5100000,376,0,0
S,1276,5104000,378,0,0
S,1277,5108000,378,0,0
S,1278,5112000,379,0,0
S,1279,5116000,377,0,0
S,1280,5120000,375,0,0
S,1281,5124000,375,0,0
S,1282,5128000,377,0,0
S,1283,5132000,377,0,0
S,1284,5136000,379,0,0
S,1285,5140000,377,0,0
S,1286,5144000,378,0,0
S,1287,5148000,379,0,0
S,1288,5152000,376,0,0
S,1289,5156000,373,0,0
S,1290,5160000,373,0,0
S,1291,5164000,373,0,0
S,1292,5168000,379,0,0
S,1293,5172000,374,0,0
S,1294,5176000,378,0,0
S,1295,5180000,377,0,0
S,1296,5184000,380,0,0
S,1297,5188000,378,0,0
S,1298,5192000,376,0,0
S,1299,5196000,375,0,0
S,1300,5200000,376,0,0
S,1301,5204000,376,0,0
S,1302,5208000,375,0,0
S,1303,5212000,376,0,0
S,1304,5216000,379,0,0
S,1305,5220000,372,0,0
S,1306,5224000,376,0,0
S,1307,5228000,374,0,0
S,1308,5232000,376,0,0
S,1309,5236000,377,0,0
S,1310,5240000,375,0,0
S,1311,5244000,377,0,0
S,1312,5248000,372,0,0
S,1313,5252000,378,0,0
S,1314,5256000,374,0,0
S,1315,5260000,382,0,0
S,1316,5264000,382,0,0
S,1317,5268000,371,0,0
S,1318,5272000,371,0,0
S,1319,5276000,374,0,0
S,1320,5280000,378,0,0
S,1321,5284000,378,0,0
S,1322,5288000,373,0,0
S,1323,5292000,366,0,0
S,1324,5296000,376,0,0
S,1325,5300000,382,0,0
S,1326,5304000,381,0,0
S,1327,5308000,374,0,0
S,1328,5312000,369,0,0
S,1329,5316000,375,0,0
S,1330,5320000,383,0,0
S,1331,5324000,379,0,0
S,1332,5328000,374,0,0
S,1333,5332000,370,0,0
S,1334,5336000,369,0,0
S,1335,5340000,379,0,0
S,1336,5344000,373,0,0
S,1337,5348000,371,0,0
S,1338,5352000,367,0,0
S,1339,5356000,370,0,0
S,1340,5360000,369,0,0
S,1341,5364000,365,0,0
S,1342,5368000,360,0,0
S,1343,5372000,364,0,0
S,1344,5376000,367,0,0
S,1345,5380000,366,0,0
S,1346,5384000,360,0,0
S,1347,5388000,359,0,0
S,1348,5392000,366,0,0
S,1349,5396000,366,0,0
S,1350,5400000,366,0,0
S,1351,5404000,362,0,0
S,1352,5408000,363,0,0
S,1353,5412000,370,0,0
S,1354,5416000,379,0,0
S,1355,5420000,376,0,0
S,1356,5424000,376,0,0
S,1357,5428000,376,0,0
S,1358,5432000,378,0,0
S,1359,5436000,384,0,0
S,1360,5440000,389,0,0
S,1361,5444000,385,0,0
S,1362,5448000,387,0,0
S,1363,5452000,382,0,0
S,1364,5456000,386,0,0
S,1365,5460000,389,0,0
S,1366,5464000,387,0,0
S,1367,5468000,379,0,0
S,1368,5472000,375,0,0
S,1369,5476000,375,0,0
S,1370,5480000,373,0,0
S,1371,5484000,375,0,0
S,1372,5488000,367,0,0
S,1373,5492000,358,0,0
S,1374,5496000,364,0,0
S,1375,5500000,371,0,0
S,1376,5504000,370,0,0
S,1377,5508000,356,0,0
S,1378,5512000,363,0,0
S,1379,5516000,367,0,0
S,1380,5520000,375,0,0
S,1381,5524000,366,0,0
S,1382,5528000,367,0,0
S,1383,5532000,364,0,0
S,1384,5536000,371,0,0
S,1385,5540000,374,0,0
S,1386,5544000,372,0,0
S,1387,5548000,355,0,0
S,1388,5552000,359,0,0
S,1389,5556000,387,0,0
S,1390,5560000,411,0,0
S,1391,5564000,466,0,0
S,1392,5568000,542,0,0
S,1393,5572000,597,0,0
S,1394,5576000,627,0,0
S,1395,5580000,585,0,0
S,1396,5584000,510,0,0
S,1397,5588000,433,0,0
S,1398,5592000,387,0,0
S,1399,5596000,363,0,0
S,1400,5600000,354,0,0
S,1401,5604000,348,0,0
S,1402,5608000,343,0,0
S,1403,5612000,344,0,0
S,1404,5616000,352,0,0
S,1405,5620000,349,0,0
S,1406,5624000,346,0,0
S,1407,5628000,345,0,0
S,1408,5632000,350,0,0
S,1409,5636000,355,0,0
S,1410,5640000,354,0,0
S,1411,5644000,351,0,0
S,1412,5648000,347,0,0
S,1413,5652000,348,0,0
S,1414,5656000,360,0,0
S,1415,5660000,354,0,0
S,1416,5664000,352,0,0
S,1417,5668000,347,0,0
S,1418,5672000,353,0,0
S,1419,5676000,362,0,0
S,1420,5680000,360,0,0
S,1421,5684000,356,0,0
S,1422,5688000,351,0,0
S,1423,5692000,354,0,0
S,1424,5696000,357,0,0
S,1425,5700000,368,0,0
S,1426,5704000,365,0,0
S,1427,5708000,360,0,0
S,1428,5712000,359,0,0
S,1429,5716000,364,0,0
S,1430,5720000,368,0,0
S,1431,5724000,372,0,0
S,1432,5728000,369,0,0
S,1433,5732000,367,0,0
S,1434,5736000,371,0,0
S,1435,5740000,372,0,0
S,1436,5744000,378,0,0
S,1437,5748000,374,0,0
S,1438,5752000,373,0,0
S,1439,5756000,374,0,0
S,1440,5760000,382,0,0
S,1441,5764000,386,0,0
S,1442,5768000,387,0,0
S,1443,5772000,386,0,0
S,1444,5776000,385,0,0
S,1445,5780000,390,0,0
S,1446,5784000,395,0,0
S,1447,5788000,397,0,0
S,1448,5792000,398,0,0
S,1449,5796000,400,0,0
S,1450,5800000,400,0,0
S,1451,5804000,408,0,0
S,1452,5808000,400,0,0
S,1453,5812000,403,0,0
S,1454,5816000,400,0,0
S,1455,5820000,402,0,0
S,1456,5824000,413,0,0
S,1457,5828000,409,0,0
S,1458,5832000,396,0,0
S,1459,5836000,400,0,0
S,1460,5840000,398,0,0
S,1461,5844000,398,0,0
S,1462,5848000,388,0,0
S,1463,5852000,379,0,0
S,1464,5856000,378,0,0
S,1465,5860000,378,0,0
S,1466,5864000,378,0,0
S,1467,5868000,367,0,0
S,1468,5872000,368,0,0
S,1469,5876000,359,0,0
S,1470,5880000,362,0,0
S,1471,5884000,358,0,0
S,1472,5888000,352,0,0
S,1473,5892000,353,0,0
S,1474,5896000,350,0,0
S,1475,5900000,355,0,0
S,1476,5904000,354,0,0
S,1477,5908000,347,0,0
S,1478,5912000,348,0,0
S,1479,5916000,353,0,0
S,1480,5920000,355,0,0
S,1481,5924000,356,0,0
S,1482,5928000,350,0,0
S,1483,5932000,349,0,0
S,1484,5936000,356,0,0
S,1485,5940000,357,0,0
S,1486,5944000,356,0,0
S,1487,5948000,353,0,0
S,1488,5952000,358,0,0
S,1489,5956000,359,0,0
S,1490,5960000,357,0,0
S,1491,5964000,357,0,0
S,1492,5968000,364,0,0
S,1493,5972000,359,0,0
S,1494,5976000,357,0,0
S,1495,5980000,361,0,0
S,1496,5984000,365,0,0
S,1497,5988000,368,0,0
S,1498,5992000,362,0,0
S,1499,5996000,360,0,0
S,1500,6000000,359,0,0
S,1501,6004000,369,0,0
S,1502,6008000,367,0,0
S,1503,6012000,366,0,0
S,1504,6016000,363,0,0
S,1505,6020000,373,0,0
S,1506,6024000,369,0,0
S,1507,6028000,371,0,0
S,1508,6032000,376,0,0
S,1509,6036000,367,0,0
S,1510,6040000,372,0,0
S,1511,6044000,373,0,0
S,1512,6048000,370,0,0
S,1513,6052000,371,0,0
S,1514,6056000,372,0,0
S,1515,6060000,368,0,0
S,1516,6064000,370,0,0
S,1517,6068000,367,0,0
S,1518,6072000,368,0,0
S,1519,6076000,368,0,0
S,1520,6080000,369,0,0
S,1521,6084000,370,0,0
S,1522,6088000,370,0,0
S,1523,6092000,366,0,0
S,1524,6096000,374,0,0
S,1525,6100000,372,0,0
S,1526,6104000,371,0,0
S,1527,6108000,368,0,0
S,1528,6112000,369,0,0
S,1529,6116000,370,0,0
S,1530,6120000,370,0,0
S,1531,6124000,365,0,0
S,1532,6128000,370,0,0
S,1533,6132000,375,0,0
S,1534,6136000,365,0,0
S,1535,6140000,371,0,0
S,1536,6144000,369,0,0
S,1537,6148000,368,0,0
S,1538,6152000,372,0,0
S,1539,6156000,366,0,0
S,1540,6160000,369,0,0
S,1541,6164000,372,0,0
S,1542,6168000,368,0,0
S,1543,6172000,367,0,0
S,1544,6176000,369,0,0
S,1545,6180000,367,0,0
S,1546,6184000,372,0,0
S,1547,6188000,366,0,0
S,1548,6192000,370,0,0
S,1549,6196000,365,0,0
S,1550,6200000,370,0,0
S,1551,6204000,368,0,0
S,1552,6208000,362,0,0
S,1553,6212000,368,0,0
S,1554,6216000,366,0,0
S,1555,6220000,367,0,0
S,1556,6224000,371,0,0
S,1557,6228000,365,0,0
S,1558,6232000,365,0,0
S,1559,6236000,371,0,0
S,1560,6240000,368,0,0
S,1561,6244000,371,0,0
S,1562,6248000,368,0,0
S,1563,6252000,366,0,0
S,1564,6256000,368,0,0
S,1565,6260000,370,0,0
S,1566,6264000,370,0,0
S,1567,6268000,368,0,0
S,1568,6272000,368,0,0
S,1569,6276000,367,0,0
S,1570,6280000,366,0,0
S,1571,6284000,372,0,0
S,1572,6288000,367,0,0
S,1573,6292000,365,0,0
S,1574,6296000,366,0,0
S,1575,6300000,369,0,0
S,1576,6304000,369,0,0
S,1577,6308000,367,0,0
S,1578,6312000,366,0,0
S,1579,6316000,367,0,0
S,1580,6320000,363,0,0
S,1581,6324000,364,0,0
S,1582,6328000,369,0,0
S,1583,6332000,366,0,0
S,1584,6336000,368,0,0
S,1585,6340000,370,0,0
S,1586,6344000,368,0,0
S,1587,6348000,367,0,0
S,1588,6352000,372,0,0
S,1589,6356000,368,0,0
S,1590,6360000,366,0,0
S,1591,6364000,368,0,0
S,1592,6368000,368,0,0
S,1593,6372000,365,0,0
S,1594,6376000,367,0,0
S,1595,6380000,366,0,0
S,1596,6384000,362,0,0
S,1597,6388000,366,0,0
S,1598,6392000,366,0,0
S,1599,6396000,366,0,0
S,1600,6400000,363,0,0
S,1601,6404000,366,0,0
S,1602,6408000,366,0,0
S,1603,6412000,367,0,0
S,1604,6416000,364,0,0
S,1605,6420000,368,0,0
S,1606,6424000,364,0,0
S,1607,6428000,366,0,0
S,1608,6432000,369,0,0
S,1609,6436000,365,0,0
S,1610,6440000,365,0,0
S,1611,6444000,369,0,0
S,1612,6448000,365,0,0
S,1613,6452000,365,0,0
S,1614,6456000,367,0,0
S,1615,6460000,368,0,0
S,1616,6464000,361,0,0
S,1617,6468000,364,0,0
S,1618,6472000,364,0,0
S,1619,6476000,363,0,0
S,1620,6480000,364,0,0
S,1621,6484000,364,0,0
S,1622,6488000,367,0,0
S,1623,6492000,364,0,0
S,1624,6496000,366,0,0
S,1625,6500000,367,0,0
S,1626,6504000,364,0,0
S,1627,6508000,366,0,0
S,1628,6512000,369,0,0
S,1629,6516000,366,0,0
S,1630,6520000,364,0,0
S,1631,6524000,370,0,0
S,1632,6528000,370,0,0
S,1633,6532000,367,0,0
S,1634,6536000,364,0,0
S,1635,6540000,362,0,0
S,1636,6544000,364,0,0
S,1637,6548000,370,0,0
S,1638,6552000,361,0,0
S,1639,6556000,360,0,0
S,1640,6560000,360,0,0
S,1641,6564000,367,0,0
S,1642,6568000,370,0,0
S,1643,6572000,369,0,0
S,1644,6576000,361,0,0
S,1645,6580000,362,0,0
S,1646,6584000,366,0,0
S,1647,6588000,367,0,0
S,1648,6592000,363,0,0
S,1649,6596000,360,0,0
S,1650,6600000,366,0,0
S,1651,6604000,367,0,0
S,1652,6608000,369,0,0
S,1653,6612000,362,0,0
S,1654,6616000,357,0,0
S,1655,6620000,355,0,0
S,1656,6624000,358,0,0
S,1657,6628000,354,0,0
S,1658,6632000,351,0,0
S,1659,6636000,352,0,0
S,1660,6640000,359,0,0
S,1661,6644000,357,0,0
S,1662,6648000,352,0,0
S,1663,6652000,351,0,0
S,1664,6656000,356,0,0
S,1665,6660000,361,0,0
S,1666,6664000,356,0,0
S,1667,6668000,354,0,0
S,1668,6672000,353,0,0
S,1669,6676000,359,0,0
S,1670,6680000,364,0,0
S,1671,6684000,368,0,0
S,1672,6688000,366,0,0
S,1673,6692000,364,0,0
S,1674,6696000,371,0,0
S,1675,6700000,372,0,0
S,1676,6704000,379,0,0
S,1677,6708000,377,0,0
S,1678,6712000,379,0,0
S,1679,6716000,376,0,0
S,1680,6720000,372,0,0
S,1681,6724000,375,0,0
S,1682,6728000,378,0,0
S,1683,6732000,371,0,0
S,1684,6736000,363,0,0
S,1685,6740000,362,0,0
S,1686,6744000,365,0,0
S,1687,6748000,359,0,0
S,1688,6752000,357,0,0
S,1689,6756000,349,0,0
S,1690,6760000,353,0,0
S,1691,6764000,359,0,0
S,1692,6768000,359,0,0
S,1693,6772000,348,0,0
S,1694,6776000,351,0,0
S,1695,6780000,355,0,0
S,1696,6784000,363,0,0
S,1697,6788000,363,0,0
S,1698,6792000,349,0,0
S,1699,6796000,355,0,0
S,1700,6800000,357,0,0
S,1701,6804000,362,0,0
S,1702,6808000,356,0,0
S,1703,6812000,348,0,0
S,1704,6816000,351,0,0
S,1705,6820000,375,0,0
S,1706,6824000,404,0,0
S,1707,6828000,464,0,0
S,1708,6832000,527,0,0
S,1709,6836000,589,0,0
S,1710,6840000,613,0,0
S,1711,6844000,580,0,0
S,1712,6848000,500,0,0
S,1713,6852000,420,0,0
S,1714,6856000,377,0,0
S,1715,6860000,354,0,0
S,1716,6864000,347,0,0
S,1717,6868000,337,0,0
S,1718,6872000,337,0,0
S,1719,6876000,340,0,0
S,1720,6880000,339,0,0
S,1721,6884000,344,0,0
S,1722,6888000,338,0,0
S,1723,6892000,337,0,0
S,1724,6896000,331,0,0
S,1725,6900000,343,0,0
S,1726,6904000,346,0,0
S,1727,6908000,337,0,0
S,1728,6912000,340,0,0
S,1729,6916000,335,0,0
S,1730,6920000,351,0,0
S,1731,6924000,347,0,0
S,1732,6928000,346,0,0
S,1733,6932000,337,0,0
S,1734,6936000,346,0,0
S,1735,6940000,349,0,0
S,1736,6944000,355,0,0
S,1737,6948000,345,0,0
S,1738,6952000,343,0,0
S,1739,6956000,353,0,0
S,1740,6960000,349,0,0
S,1741,6964000,354,0,0
S,1742,6968000,350,0,0
S,1743,6972000,348,0,0
S,1744,6976000,355,0,0
S,1745,6980000,358,0,0
S,1746,6984000,358,0,0
S,1747,6988000,358,0,0
S,1748,6992000,363,0,0
S,1749,6996000,360,0,0
S,1750,7000000,363,0,0
S,1751,7004000,368,0,0
S,1752,7008000,369,0,0
S,1753,7012000,369,0,0
S,1754,7016000,363,0,0
S,1755,7020000,366,0,0
S,1756,7024000,376,0,0
S,1757,7028000,379,0,0
S,1758,7032000,384,0,0
S,1759,7036000,377,0,0
S,1760,7040000,379,0,0
S,1761,7044000,386,0,0
S,1762,7048000,393,0,0
S,1763,7052000,388,0,0
S,1764,7056000,383,0,0
S,1765,7060000,391,0,0
S,1766,7064000,396,0,0
S,1767,7068000,396,0,0
S,1768,7072000,394,0,0
S,1769,7076000,394,0,0
S,1770,7080000,394,0,0
S,1771,7084000,398,0,0
S,1772,7088000,399,0,0
S,1773,7092000,396,0,0
S,1774,7096000,392,0,0
S,1775,7100000,392,0,0
S,1776,7104000,394,0,0
S,1777,7108000,392,0,0
S,1778,7112000,381,0,0
S,1779,7116000,374,0,0
S,1780,7120000,372,0,0
S,1781,7124000,371,0,0
S,1782,7128000,370,0,0
S,1783,7132000,359,0,0
S,1784,7136000,354,0,0
S,1785,7140000,355,0,0
S,1786,7144000,352,0,0
S,1787,7148000,350,0,0
S,1788,7152000,350,0,0
S,1789,7156000,342,0,0
S,1790,7160000,345,0,0
S,1791,7164000,344,0,0
S,1792,7168000,344,0,0
S,1793,7172000,340,0,0
S,1794,7176000,341,0,0
S,1795,7180000,348,0,0
S,1796,7184000,344,0,0
S,1797,7188000,350,0,0
S,1798,7192000,340,0,0
S,1799,7196000,342,0,0
S,1800,7200000,353,0,0
S,1801,7204000,350,0,0
S,1802,7208000,347,0,0
S,1803,7212000,348,0,0
S,1804,7216000,344,0,0
S,1805,7220000,352,0,0
S,1806,7224000,352,0,0
S,1807,7228000,354,0,0
S,1808,7232000,359,0,0
S,1809,7236000,358,0,0
S,1810,7240000,352,0,0
S,1811,7244000,359,0,0
S,1812,7248000,359,0,0
S,1813,7252000,360,0,0
S,1814,7256000,362,0,0
S,1815,7260000,355,0,0
S,1816,7264000,357,0,0
S,1817,7268000,364,0,0
S,1818,7272000,361,0,0
S,1819,7276000,355,0,0
S,1820,7280000,357,0,0
S,1821,7284000,362,0,0
S,1822,7288000,367,0,0
S,1823,7292000,367,0,0
S,1824,7296000,363,0,0
S,1825,7300000,363,0,0
S,1826,7304000,365,0,0
S,1827,7308000,365,0,0
S,1828,7312000,363,0,0
S,1829,7316000,366,0,0
S,1830,7320000,360,0,0
S,1831,7324000,364,0,0
S,1832,7328000,364,0,0
S,1833,7332000,364,0,0
S,1834,7336000,365,0,0
S,1835,7340000,362,0,0
S,1836,7344000,366,0,0
S,1837,7348000,364,0,0
S,1838,7352000,363,0,0
S,1839,7356000,362,0,0
S,1840,7360000,362,0,0
S,1841,7364000,366,0,0
S,1842,7368000,363,0,0
S,1843,7372000,365,0,0
S,1844,7376000,367,0,0
S,1845,7380000,367,0,0
S,1846,7384000,368,0,0
S,1847,7388000,364,0,0
S,1848,7392000,363,0,0
S,1849,7396000,367,0,0
S,1850,7400000,366,0,0
S,1851,7404000,368,0,0
S,1852,7408000,365,0,0
S,1853,7412000,368,0,0
S,1854,7416000,367,0,0
S,1855,7420000,367,0,0
S,1856,7424000,366,0,0
S,1857,7428000,366,0,0
S,1858,7432000,366,0,0
S,1859,7436000,366,0,0
S,1860,7440000,368,0,0
S,1861,7444000,364,0,0
S,1862,7448000,369,0,0
S,1863,7452000,365,0,0
S,1864,7456000,368,0,0
S,1865,7460000,365,0,0
S,1866,7464000,365,0,0
S,1867,7468000,370,0,0
S,1868,7472000,365,0,0
S,1869,7476000,363,0,0
S,1870,7480000,364,0,0
S,1871,7484000,365,0,0
S,1872,7488000,370,0,0
S,1873,7492000,366,0,0
S,1874,7496000,368,0,0
S,1875,7500000,364,0,0
S,1876,7504000,367,0,0
S,1877,7508000,367,0,0
S,1878,7512000,370,0,0
S,1879,7516000,364,0,0
S,1880,7520000,367,0,0
S,1881,7524000,367,0,0
S,1882,7528000,364,0,0
S,1883,7532000,366,0,0
S,1884,7536000,365,0,0
S,1885,7540000,361,0,0
S,1886,7544000,367,0,0
S,1887,7548000,367,0,0
S,1888,7552000,365,0,0
S,1889,7556000,363,0,0
S,1890,7560000,369,0,0
S,1891,7564000,367,0,0
S,1892,7568000,368,0,0
S,1893,7572000,369,0,0
S,1894,7576000,365,0,0
S,1895,7580000,368,0,0
S,1896,7584000,366,0,0
S,1897,7588000,366,0,0
S,1898,7592000,366,0,0
S,1899,7596000,366,0,0
S,1900,7600000,369,0,0
S,1901,7604000,367,0,0
S,1902,7608000,366,0,0
S,1903,7612000,366,0,0
S,1904,7616000,367,0,0
S,1905,7620000,365,0,0
S,1906,7624000,366,0,0
S,1907,7628000,367,0,0
S,1908,7632000,365,0,0
S,1909,7636000,366,0,0
S,1910,7640000,365,0,0
S,1911,7644000,371,0,0
S,1912,7648000,370,0,0
S,1913,7652000,368,0,0
S,1914,7656000,367,0,0
S,1915,7660000,372,0,0
S,1916,7664000,368,0,0
S,1917,7668000,367,0,0
S,1918,7672000,368,0,0
S,1919,7676000,368,0,0
S,1920,7680000,370,0,0
S,1921,7684000,367,0,0
S,1922,7688000,372,0,0
S,1923,7692000,365,0,0
S,1924,7696000,369,0,0
S,1925,7700000,365,0,0
S,1926,7704000,371,0,0
S,1927,7708000,367,0,0
S,1928,7712000,367,0,0
S,1929,7716000,369,0,0
S,1930,7720000,370,0,0
S,1931,7724000,365,0,0
S,1932,7728000,367,0,0
S,1933,7732000,364,0,0
S,1934,7736000,368,0,0
S,1935,7740000,367,0,0
S,1936,7744000,367,0,0
S,1937,7748000,366,0,0
S,1938,7752000,367,0,0
S,1939,7756000,366,0,0
S,1940,7760000,369,0,0
S,1941,7764000,371,0,0
S,1942,7768000,364,0,0
S,1943,7772000,368,0,0
S,1944,7776000,367,0,0
S,1945,7780000,369,0,0
S,1946,7784000,366,0,0
S,1947,7788000,373,0,0
S,1948,7792000,372,0,0
S,1949,7796000,371,0,0
S,1950,7800000,365,0,0
S,1951,7804000,366,0,0
S,1952,7808000,368,0,0
S,1953,7812000,370,0,0
S,1954,7816000,362,0,0
S,1955,7820000,364,0,0
S,1956,7824000,366,0,0
S,1957,7828000,371,0,0
S,1958,7832000,377,0,0
S,1959,7836000,370,0,0
S,1960,7840000,363,0,0
S,1961,7844000,365,0,0
S,1962,7848000,374,0,0
S,1963,7852000,374,0,0
S,1964,7856000,363,0,0
S,1965,7860000,360,0,0
S,1966,7864000,363,0,0
S,1967,7868000,369,0,0
S,1968,7872000,366,0,0
S,1969,7876000,365,0,0
S,1970,7880000,357,0,0
S,1971,7884000,359,0,0
S,1972,7888000,364,0,0
S,1973,7892000,356,0,0
S,1974,7896000,356,0,0
S,1975,7900000,362,0,0
S,1976,7904000,363,0,0
S,1977,7908000,361,0,0
S,1978,7912000,357,0,0
S,1979,7916000,354,0,0
S,1980,7920000,365,0,0
S,1981,7924000,366,0,0
S,1982,7928000,361,0,0
S,1983,7932000,360,0,0
S,1984,7936000,359,0,0
S,1985,7940000,364,0,0
S,1986,7944000,373,0,0
S,1987,7948000,378,0,0
S,1988,7952000,371,0,0
S,1989,7956000,368,0,0
S,1990,7960000,371,0,0
S,1991,7964000,380,0,0
S,1992,7968000,381,0,0
S,1993,7972000,387,0,0
S,1994,7976000,385,0,0
S,1995,7980000,375,0,0
S,1996,7984000,379,0,0
S,1997,7988000,384,0,0
S,1998,7992000,383,0,0
S,1999,7996000,375,0,0
S,2000,8000000,368,0,0
S,2001,8004000,370,0,0
S,2002,8008000,370,0,0
S,2003,8012000,367,0,0
S,2004,8016000,363,0,0
S,2005,8020000,357,0,0
S,2006,8024000,359,0,0
S,2007,8028000,363,0,0
S,2008,8032000,366,0,0
S,2009,8036000,359,0,0
S,2010,8040000,356,0,0
S,2011,8044000,361,0,0
S,2012,8048000,369,0,0
S,2013,8052000,367,0,0
S,2014,8056000,358,0,0
S,2015,8060000,360,0,0
S,2016,8064000,368,0,0
S,2017,8068000,370,0,0
S,2018,8072000,367,0,0
S,2019,8076000,348,0,0
S,2020,8080000,356,0,0
S,2021,8084000,385,0,0
S,2022,8088000,414,0,0
S,2023,8092000,470,0,0
S,2024,8096000,536,0,0
S,2025,8100000,592,0,0
S,2026,8104000,620,0,0
S,2027,8108000,584,0,0
S,2028,8112000,505,0,0
S,2029,8116000,424,0,0
S,2030,8120000,383,0,0
S,2031,8124000,363,0,0
S,2032,8128000,352,0,0
S,2033,8132000,343,0,0
S,2034,8136000,346,0,0
S,2035,8140000,344,0,0
S,2036,8144000,344,0,0
S,2037,8148000,351,0,0
S,2038,8152000,345,0,0
S,2039,8156000,342,0,0
S,2040,8160000,348,0,0
S,2041,8164000,351,0,0
S,2042,8168000,351,0,0
S,2043,8172000,347,0,0
S,2044,8176000,345,0,0
S,2045,8180000,346,0,0
S,2046,8184000,358,0,0
S,2047,8188000,355,0,0
S,2048,8192000,351,0,0
S,2049,8196000,352,0,0
S,2050,8200000,354,0,0
S,2051,8204000,359,0,0
S,2052,8208000,362,0,0
S,2053,8212000,356,0,0
S,2054,8216000,355,0,0
S,2055,8220000,356,0,0
S,2056,8224000,363,0,0
S,2057,8228000,362,0,0
S,2058,8232000,359,0,0
S,2059,8236000,355,0,0
S,2060,8240000,359,0,0
S,2061,8244000,363,0,0
S,2062,8248000,371,0,0
S,2063,8252000,369,0,0
S,2064,8256000,368,0,0
S,2065,8260000,366,0,0
S,2066,8264000,368,0,0
S,2067,8268000,371,0,0
S,2068,8272000,380,0,0
S,2069,8276000,374,0,0
S,2070,8280000,375,0,0
S,2071,8284000,378,0,0
S,2072,8288000,381,0,0
S,2073,8292000,386,0,0
S,2074,8296000,385,0,0
S,2075,8300000,390,0,0
S,2076,8304000,386,0,0
S,2077,8308000,396,0,0
S,2078,8312000,399,0,0
S,2079,8316000,395,0,0
S,2080,8320000,392,0,0
S,2081,8324000,401,0,0
S,2082,8328000,406,0,0
S,2083,8332000,404,0,0
S,2084,8336000,404,0,0
S,2085,8340000,403,0,0
S,2086,8344000,404,0,0
S,2087,8348000,414,0,0
S,2088,8352000,408,0,0
S,2089,8356000,408,0,0
S,2090,8360000,397,0,0
S,2091,8364000,406,0,0
S,2092,8368000,399,0,0
S,2093,8372000,394,0,0
S,2094,8376000,393,0,0
S,2095,8380000,382,0,0
S,2096,8384000,384,0,0
S,2097,8388000,379,0,0
S,2098,8392000,377,0,0
S,2099,8396000,371,0,0
S,2100,8400000,369,0,0
S,2101,8404000,362,0,0
S,2102,8408000,366,0,0
S,2103,8412000,366,0,0
S,2104,8416000,357,0,0
S,2105,8420000,353,0,0
S,2106,8424000,355,0,0
S,2107,8428000,355,0,0
S,2108,8432000,359,0,0
S,2109,8436000,349,0,0
S,2110,8440000,354,0,0
S,2111,8444000,359,0,0
S,2112,8448000,359,0,0
S,2113,8452000,356,0,0
S,2114,8456000,351,0,0
S,2115,8460000,355,0,0
S,2116,8464000,363,0,0
S,2117,8468000,361,0,0
S,2118,8472000,362,0,0
S,2119,8476000,353,0,0
S,2120,8480000,357,0,0
S,2121,8484000,358,0,0
S,2122,8488000,363,0,0
S,2123,8492000,362,0,0
S,2124,8496000,369,0,0
S,2125,8500000,368,0,0
S,2126,8504000,365,0,0
S,2127,8508000,360,0,0
S,2128,8512000,370,0,0
S,2129,8516000,367,0,0
S,2130,8520000,370,0,0
S,2131,8524000,370,0,0
S,2132,8528000,365,0,0
S,2133,8532000,370,0,0
S,2134,8536000,370,0,0
S,2135,8540000,367,0,0
S,2136,8544000,367,0,0
S,2137,8548000,377,0,0
S,2138,8552000,372,0,0
S,2139,8556000,378,0,0
S,2140,8560000,373,0,0
S,2141,8564000,375,0,0
S,2142,8568000,377,0,0
S,2143,8572000,376,0,0
S,2144,8576000,373,0,0
S,2145,8580000,373,0,0
S,2146,8584000,374,0,0
S,2147,8588000,375,0,0
S,2148,8592000,377,0,0
S,2149,8596000,372,0,0
S,2150,8600000,376,0,0
S,2151,8604000,376,0,0
S,2152,8608000,376,0,0
S,2153,8612000,376,0,0
S,2154,8616000,378,0,0
S,2155,8620000,376,0,0
S,2156,8624000,377,0,0
S,2157,8628000,376,0,0
S,2158,8632000,379,0,0
S,2159,8636000,371,0,0
S,2160,8640000,378,0,0
S,2161,8644000,375,0,0
S,2162,8648000,374,0,0
S,2163,8652000,373,0,0
S,2164,8656000,371,0,0
S,2165,8660000,374,0,0
S,2166,8664000,374,0,0
S,2167,8668000,376,0,0
S,2168,8672000,372,0,0
S,2169,8676000,378,0,0
S,2170,8680000,376,0,0
S,2171,8684000,375,0,0
S,2172,8688000,374,0,0
S,2173,8692000,374,0,0
S,2174,8696000,373,0,0
S,2175,8700000,374,0,0
S,2176,8704000,375,0,0
S,2177,8708000,375,0,0
S,2178,8712000,372,0,0
S,2179,8716000,375,0,0
S,2180,8720000,373,0,0
S,2181,8724000,376,0,0
S,2182,8728000,380,0,0
S,2183,8732000,377,0,0
S,2184,8736000,375,0,0
S,2185,8740000,372,0,0
S,2186,8744000,372,0,0
S,2187,8748000,372,0,0
S,2188,8752000,377,0,0
S,2189,8756000,374,0,0
S,2190,8760000,376,0,0
S,2191,8764000,374,0,0
S,2192,8768000,376,0,0
S,2193,8772000,379,0,0
S,2194,8776000,374,0,0
S,2195,8780000,375,0,0
S,2196,8784000,374,0,0
S,2197,8788000,378,0,0
S,2198,8792000,373,0,0
S,2199,8796000,373,0,0
S,2200,8800000,373,0,0
S,2201,8804000,373,0,0
S,2202,8808000,377,0,0
S,2203,8812000,381,0,0
S,2204,8816000,374,0,0
S,2205,8820000,378,0,0
S,2206,8824000,376,0,0
S,2207,8828000,373,0,0
S,2208,8832000,375,0,0
S,2209,8836000,375,0,0
S,2210,8840000,374,0,0
S,2211,8844000,380,0,0
S,2212,8848000,372,0,0
S,2213,8852000,377,0,0
S,2214,8856000,377,0,0
S,2215,8860000,375,0,0
S,2216,8864000,376,0,0
S,2217,8868000,378,0,0
S,2218,8872000,376,0,0
S,2219,8876000,377,0,0
S,2220,8880000,377,0,0
S,2221,8884000,371,0,0
S,2222,8888000,379,0,0
S,2223,8892000,381,0,0
S,2224,8896000,378,0,0
S,2225,8900000,378,0,0
S,2226,8904000,373,0,0
S,2227,8908000,376,0,0
S,2228,8912000,374,0,0
S,2229,8916000,375,0,0
S,2230,8920000,378,0,0
S,2231,8924000,374,0,0
S,2232,8928000,376,0,0
S,2233,8932000,372,0,0
S,2234,8936000,376,0,0
S,2235,8940000,376,0,0
S,2236,8944000,374,0,0
S,2237,8948000,374,0,0
S,2238,8952000,380,0,0
S,2239,8956000,373,0,0
S,2240,8960000,374,0,0
S,2241,8964000,374,0,0
S,2242,8968000,379,0,0
S,2243,8972000,381,0,0
S,2244,8976000,377,0,0
S,2245,8980000,374,0,0
S,2246,8984000,375,0,0
S,2247,8988000,378,0,0
S,2248,8992000,374,0,0
S,2249,8996000,379,0,0
S,2250,9000000,379,0,0
S,2251,9004000,376,0,0
S,2252,9008000,377,0,0
S,2253,9012000,378,0,0
S,2254,9016000,379,0,0
S,2255,9020000,374,0,0
S,2256,9024000,379,0,0
S,2257,9028000,375,0,0
S,2258,9032000,374,0,0
S,2259,9036000,376,0,0
S,2260,9040000,376,0,0
S,2261,9044000,374,0,0
S,2262,9048000,372,0,0
S,2263,9052000,379,0,0
S,2264,9056000,385,0,0
S,2265,9060000,381,0,0
S,2266,9064000,374,0,0
S,2267,9068000,377,0,0
S,2268,9072000,374,0,0
S,2269,9076000,378,0,0
S,2270,9080000,374,0,0
S,2271,9084000,368,0,0
S,2272,9088000,371,0,0
S,2273,9092000,379,0,0
S,2274,9096000,381,0,0
S,2275,9100000,373,0,0
S,2276,9104000,374,0,0
S,2277,9108000,373,0,0
S,2278,9112000,380,0,0
S,2279,9116000,378,0,0
S,2280,9120000,371,0,0
S,2281,9124000,370,0,0
S,2282,9128000,372,0,0
S,2283,9132000,375,0,0
S,2284,9136000,376,0,0
S,2285,9140000,374,0,0
S,2286,9144000,368,0,0
S,2287,9148000,372,0,0
S,2288,9152000,365,0,0
S,2289,9156000,364,0,0
S,2290,9160000,362,0,0
S,2291,9164000,368,0,0
S,2292,9168000,367,0,0
S,2293,9172000,368,0,0
S,2294,9176000,365,0,0
S,2295,9180000,363,0,0
S,2296,9184000,365,0,0
S,2297,9188000,374,0,0
S,2298,9192000,372,0,0
S,2299,9196000,365,0,0
S,2300,9200000,366,0,0
S,2301,9204000,368,0,0
S,2302,9208000,378,0,0
S,2303,9212000,380,0,0
S,2304,9216000,377,0,0
S,2305,9220000,374,0,0
S,2306,9224000,378,0,0
S,2307,9228000,386,0,0
S,2308,9232000,387,0,0
S,2309,9236000,387,0,0
S,2310,9240000,389,0,0
S,2311,9244000,378,0,0
S,2312,9248000,387,0,0
S,2313,9252000,385,0,0
S,2314,9256000,392,0,0
S,2315,9260000,385,0,0
S,2316,9264000,375,0,0
S,2317,9268000,374,0,0
S,2318,9272000,375,0,0
S,2319,9276000,374,0,0
S,2320,9280000,365,0,0
S,2321,9284000,362,0,0
S,2322,9288000,363,0,0
S,2323,9292000,374,0,0
S,2324,9296000,372,0,0
S,2325,9300000,364,0,0
S,2326,9304000,364,0,0
S,2327,9308000,366,0,0
S,2328,9312000,372,0,0
S,2329,9316000,373,0,0
S,2330,9320000,364,0,0
S,2331,9324000,368,0,0
S,2332,9328000,369,0,0
S,2333,9332000,370,0,0
S,2334,9336000,375,0,0
S,2335,9340000,356,0,0
S,2336,9344000,363,0,0
S,2337,9348000,390,0,0
S,2338,9352000,416,0,0
S,2339,9356000,474,0,0
S,2340,9360000,536,0,0
S,2341,9364000,602,0,0
S,2342,9368000,625,0,0
S,2343,9372000,589,0,0
S,2344,9376000,508,0,0
S,2345,9380000,428,0,0
S,2346,9384000,382,0,0
S,2347,9388000,365,0,0
S,2348,9392000,359,0,0
S,2349,9396000,349,0,0
S,2350,9400000,346,0,0
S,2351,9404000,346,0,0
S,2352,9408000,352,0,0
S,2353,9412000,350,0,0
S,2354,9416000,350,0,0
S,2355,9420000,349,0,0
S,2356,9424000,353,0,0
S,2357,9428000,356,0,0
S,2358,9432000,354,0,0
S,2359,9436000,348,0,0
S,2360,9440000,343,0,0
S,2361,9444000,349,0,0
S,2362,9448000,359,0,0
S,2363,9452000,361,0,0
S,2364,9456000,356,0,0
S,2365,9460000,353,0,0
S,2366,9464000,355,0,0
S,2367,9468000,361,0,0
S,2368,9472000,367,0,0
S,2369,9476000,355,0,0
S,2370,9480000,353,0,0
S,2371,9484000,355,0,0
S,2372,9488000,365,0,0
S,2373,9492000,369,0,0
S,2374,9496000,363,0,0
S,2375,9500000,358,0,0
S,2376,9504000,363,0,0
S,2377,9508000,364,0,0
S,2378,9512000,370,0,0
S,2379,9516000,372,0,0
S,2380,9520000,371,0,0
S,2381,9524000,367,0,0
S,2382,9528000,373,0,0
S,2383,9532000,376,0,0
S,2384,9536000,380,0,0
S,2385,9540000,379,0,0
S,2386,9544000,375,0,0
S,2387,9548000,381,0,0
S,2388,9552000,383,0,0
S,2389,9556000,391,0,0
S,2390,9560000,388,0,0
S,2391,9564000,384,0,0
S,2392,9568000,392,0,0
S,2393,9572000,391,0,0
S,2394,9576000,400,0,0
S,2395,9580000,398,0,0
S,2396,9584000,392,0,0
S,2397,9588000,398,0,0
S,2398,9592000,401,0,0
S,2399,9596000,405,0,0
S,2400,9600000,403,0,0
S,2401,9604000,403,0,0
S,2402,9608000,403,0,0
S,2403,9612000,410,0,0
S,2404,9616000,408,0,0
S,2405,9620000,408,0,0
S,2406,9624000,399,0,0
S,2407,9628000,401,0,0
S,2408,9632000,402,0,0
S,2409,9636000,399,0,0
S,2410,9640000,392,0,0
S,2411,9644000,380,0,0
S,2412,9648000,380,0,0
S,2413,9652000,380,0,0
S,2414,9656000,377,0,0
S,2415,9660000,367,0,0
S,2416,9664000,366,0,0
S,2417,9668000,367,0,0
S,2418,9672000,362,0,0
S,2419,9676000,365,0,0
S,2420,9680000,358,0,0
S,2421,9684000,346,0,0
S,2422,9688000,354,0,0
S,2423,9692000,354,0,0
S,2424,9696000,359,0,0
S,2425,9700000,350,0,0
S,2426,9704000,349,0,0
S,2427,9708000,355,0,0
S,2428,9712000,358,0,0
S,2429,9716000,355,0,0
S,2430,9720000,350,0,0
S,2431,9724000,350,0,0
S,2432,9728000,359,0,0
S,2433,9732000,360,0,0
S,2434,9736000,363,0,0
S,2435,9740000,354,0,0
S,2436,9744000,355,0,0
S,2437,9748000,362,0,0
S,2438,9752000,362,0,0
S,2439,9756000,363,0,0
S,2440,9760000,371,0,0
S,2441,9764000,363,0,0
S,2442,9768000,362,0,0
S,2443,9772000,364,0,0
S,2444,9776000,369,0,0
S,2445,9780000,368,0,0
S,2446,9784000,363,0,0
S,2447,9788000,357,0,0
S,2448,9792000,362,0,0
S,2449,9796000,362,0,0
S,2450,9800000,368,0,0
S,2451,9804000,364,0,0
S,2452,9808000,359,0,0
S,2453,9812000,373,0,0
S,2454,9816000,374,0,0
S,2455,9820000,372,0,0
S,2456,9824000,375,0,0
S,2457,9828000,376,0,0
S,2458,9832000,369,0,0
S,2459,9836000,374,0,0
S,2460,9840000,372,0,0
S,2461,9844000,372,0,0
S,2462,9848000,373,0,0
S,2463,9852000,370,0,0
S,2464,9856000,370,0,0
S,2465,9860000,369,0,0
S,2466,9864000,370,0,0
S,2467,9868000,371,0,0
S,2468,9872000,368,0,0
S,2469,9876000,369,0,0
S,2470,9880000,372,0,0
S,2471,9884000,371,0,0
S,2472,9888000,372,0,0
S,2473,9892000,367,0,0
S,2474,9896000,369,0,0
S,2475,9900000,370,0,0
S,2476,9904000,371,0,0
S,2477,9908000,370,0,0
S,2478,9912000,373,0,0
S,2479,9916000,371,0,0
S,2480,9920000,371,0,0
S,2481,9924000,371,0,0
S,2482,9928000,372,0,0
S,2483,9932000,370,0,0
S,2484,9936000,373,0,0
S,2485,9940000,372,0,0
S,2486,9944000,371,0,0
S,2487,9948000,371,0,0
S,2488,9952000,372,0,0
S,2489,9956000,373,0,0
S,2490,9960000,372,0,0
S,2491,9964000,371,0,0
S,2492,9968000,372,0,0
S,2493,9972000,371,0,0
S,2494,9976000,373,0,0
S,2495,9980000,370,0,0
S,2496,9984000,366,0,0
S,2497,9988000,373,0,0
S,2498,9992000,370,0,0
S,2499,9996000,367,0,0
S,2500,10000000,370,0,0
S,2501,10004000,368,0,0
S,2502,10008000,375,0,0
S,2503,10012000,371,0,0
S,2504,10016000,366,0,0
S,2505,10020000,371,0,0
S,2506,10024000,369,0,0
S,2507,10028000,374,0,0
S,2508,10032000,367,0,0
S,2509,10036000,365,0,0
S,2510,10040000,370,0,0
S,2511,10044000,369,0,0
S,2512,10048000,369,0,0
S,2513,10052000,365,0,0
S,2514,10056000,370,0,0
S,2515,10060000,373,0,0
S,2516,10064000,365,0,0
S,2517,10068000,372,0,0
S,2518,10072000,368,0,0
S,2519,10076000,374,0,0
S,2520,10080000,370,0,0
S,2521,10084000,369,0,0
S,2522,10088000,372,0,0
S,2523,10092000,370,0,0
S,2524,10096000,368,0,0
S,2525,10100000,371,0,0
S,2526,10104000,368,0,0
S,2527,10108000,365,0,0
S,2528,10112000,373,0,0
S,2529,10116000,368,0,0
S,2530,10120000,368,0,0
S,2531,10124000,370,0,0
S,2532,10128000,365,0,0
S,2533,10132000,366,0,0
S,2534,10136000,368,0,0
S,2535,10140000,368,0,0
S,2536,10144000,369,0,0
S,2537,10148000,371,0,0
S,2538,10152000,368,0,0
S,2539,10156000,370,0,0
S,2540,10160000,370,0,0
S,2541,10164000,366,0,0
S,2542,10168000,369,0,0
S,2543,10172000,366,0,0
S,2544,10176000,371,0,0
S,2545,10180000,369,0,0
S,2546,10184000,368,0,0
S,2547,10188000,365,0,0
S,2548,10192000,368,0,0
S,2549,10196000,366,0,0
S,2550,10200000,370,0,0
S,2551,10204000,368,0,0
S,2552,10208000,366,0,0
S,2553,10212000,370,0,0
S,2554,10216000,370,0,0
S,2555,10220000,367,0,0
S,2556,10224000,370,0,0
S,2557,10228000,367,0,0
S,2558,10232000,367,0,0
S,2559,10236000,368,0,0
S,2560,10240000,366,0,0
S,2561,10244000,367,0,0
S,2562,10248000,367,0,0
S,2563,10252000,371,0,0
S,2564,10256000,371,0,0
S,2565,10260000,367,0,0
S,2566,10264000,371,0,0
S,2567,10268000,367,0,0
S,2568,10272000,368,0,0
S,2569,10276000,369,0,0
S,2570,10280000,368,0,0
S,2571,10284000,373,0,0
S,2572,10288000,368,0,0
S,2573,10292000,365,0,0
S,2574,10296000,370,0,0
S,2575,10300000,366,0,0
S,2576,10304000,367,0,0
S,2577,10308000,361,0,0
S,2578,10312000,369,0,0
S,2579,10316000,374,0,0
S,2580,10320000,375,0,0
S,2581,10324000,370,0,0
S,2582,10328000,368,0,0
S,2583,10332000,365,0,0
S,2584,10336000,368,0,0
S,2585,10340000,367,0,0
S,2586,10344000,363,0,0
S,2587,10348000,363,0,0
S,2588,10352000,365,0,0
S,2589,10356000,367,0,0
S,2590,10360000,374,0,0
S,2591,10364000,365,0,0
S,2592,10368000,362,0,0
S,2593,10372000,366,0,0
S,2594,10376000,368,0,0
S,2595,10380000,365,0,0
S,2596,10384000,360,0,0
S,2597,10388000,364,0,0
S,2598,10392000,359,0,0
S,2599,10396000,368,0,0
S,2600,10400000,369,0,0
S,2601,10404000,364,0,0
S,2602,10408000,355,0,0
S,2603,10412000,359,0,0
S,2604,10416000,360,0,0
S,2605,10420000,357,0,0
S,2606,10424000,352,0,0
S,2607,10428000,356,0,0
S,2608,10432000,360,0,0
S,2609,10436000,362,0,0
S,2610,10440000,355,0,0
S,2611,10444000,352,0,0
S,2612,10448000,359,0,0
S,2613,10452000,361,0,0
S,2614,10456000,362,0,0
S,2615,10460000,354,0,0
S,2616,10464000,354,0,0
S,2617,10468000,360,0,0
S,2618,10472000,364,0,0
S,2619,10476000,371,0,0
S,2620,10480000,369,0,0
S,2621,10484000,364,0,0
S,2622,10488000,371,0,0
S,2623,10492000,373,0,0
S,2624,10496000,377,0,0
S,2625,10500000,378,0,0
S,2626,10504000,381,0,0
S,2627,10508000,378,0,0
S,2628,10512000,374,0,0
S,2629,10516000,376,0,0
S,2630,10520000,382,0,0
S,2631,10524000,374,0,0
S,2632,10528000,369,0,0
S,2633,10532000,366,0,0
S,2634,10536000,364,0,0
S,2635,10540000,366,0,0
S,2636,10544000,355,0,0
S,2637,10548000,350,0,0
S,2638,10552000,361,0,0
S,2639,10556000,362,0,0
S,2640,10560000,364,0,0
S,2641,10564000,354,0,0
S,2642,10568000,358,0,0
S,2643,10572000,357,0,0
S,2644,10576000,365,0,0
S,2645,10580000,360,0,0
S,2646,10584000,349,0,0
S,2647,10588000,360,0,0
S,2648,10592000,363,0,0
S,2649,10596000,363,0,0
S,2650,10600000,362,0,0
S,2651,10604000,346,0,0
S,2652,10608000,352,0,0
S,2653,10612000,380,0,0
S,2654,10616000,406,0,0
S,2655,10620000,464,0,0
S,2656,10624000,528,0,0
S,2657,10628000,589,0,0
S,2658,10632000,615,0,0
S,2659,10636000,580,0,0
S,2660,10640000,495,0,0
S,2661,10644000,422,0,0
S,2662,10648000,380,0,0
S,2663,10652000,353,0,0
S,2664,10656000,348,0,0
S,2665,10660000,342,0,0
S,2666,10664000,341,0,0
S,2667,10668000,340,0,0
S,2668,10672000,339,0,0
S,2669,10676000,344,0,0
S,2670,10680000,335,0,0
S,2671,10684000,335,0,0
S,2672,10688000,338,0,0
S,2673,10692000,343,0,0
S,2674,10696000,347,0,0
S,2675,10700000,347,0,0
S,2676,10704000,342,0,0
S,2677,10708000,342,0,0
S,2678,10712000,348,0,0
S,2679,10716000,347,0,0
S,2680,10720000,342,0,0
S,2681,10724000,340,0,0
S,2682,10728000,342,0,0
S,2683,10732000,348,0,0
S,2684,10736000,353,0,0
S,2685,10740000,345,0,0
S,2686,10744000,341,0,0
S,2687,10748000,345,0,0
S,2688,10752000,352,0,0
S,2689,10756000,357,0,0
S,2690,10760000,354,0,0
S,2691,10764000,353,0,0
S,2692,10768000,352,0,0
S,2693,10772000,356,0,0
S,2694,10776000,357,0,0
S,2695,10780000,367,0,0
S,2696,10784000,363,0,0
S,2697,10788000,358,0,0
S,2698,10792000,359,0,0
S,2699,10796000,366,0,0
S,2700,10800000,367,0,0
S,2701,10804000,368,0,0
S,2702,10808000,368,0,0
S,2703,10812000,369,0,0
S,2704,10816000,373,0,0
S,2705,10820000,382,0,0
S,2706,10824000,377,0,0
S,2707,10828000,378,0,0
S,2708,10832000,379,0,0
S,2709,10836000,382,0,0
S,2710,10840000,390,0,0
S,2711,10844000,385,0,0
S,2712,10848000,390,0,0
S,2713,10852000,389,0,0
S,2714,10856000,398,0,0
S,2715,10860000,395,0,0
S,2716,10864000,397,0,0
S,2717,10868000,389,0,0
S,2718,10872000,391,0,0
S,2719,10876000,400,0,0
S,2720,10880000,402,0,0
S,2721,10884000,395,0,0
S,2722,10888000,394,0,0
S,2723,10892000,390,0,0
S,2724,10896000,391,0,0
S,2725,10900000,391,0,0
S,2726,10904000,385,0,0
S,2727,10908000,369,0,0
S,2728,10912000,374,0,0
S,2729,10916000,371,0,0
S,2730,10920000,367,0,0
S,2731,10924000,358,0,0
S,2732,10928000,352,0,0
S,2733,10932000,350,0,0
S,2734,10936000,355,0,0
S,2735,10940000,354,0,0
S,2736,10944000,346,0,0
S,2737,10948000,342,0,0
S,2738,10952000,348,0,0
S,2739,10956000,346,0,0
S,2740,10960000,346,0,0
S,2741,10964000,345,0,0
S,2742,10968000,343,0,0
S,2743,10972000,347,0,0
S,2744,10976000,348,0,0
S,2745,10980000,345,0,0
S,2746,10984000,339,0,0
S,2747,10988000,343,0,0
S,2748,10992000,351,0,0
S,2749,10996000,351,0,0
S,2750,11000000,351,0,0
S,2751,11004000,344,0,0
S,2752,11008000,346,0,0
S,2753,11012000,349,0,0
S,2754,11016000,346,0,0
S,2755,11020000,350,0,0
S,2756,11024000,358,0,0
S,2757,11028000,354,0,0
S,2758,11032000,352,0,0
S,2759,11036000,353,0,0
S,2760,11040000,358,0,0
S,2761,11044000,360,0,0
S,2762,11048000,357,0,0
S,2763,11052000,353,0,0
S,2764,11056000,357,0,0
S,2765,11060000,359,0,0
S,2766,11064000,358,0,0
S,2767,11068000,356,0,0
S,2768,11072000,359,0,0
S,2769,11076000,363,0,0
S,2770,11080000,367,0,0
S,2771,11084000,367,0,0
S,2772,11088000,367,0,0
S,2773,11092000,362,0,0
S,2774,11096000,369,0,0
S,2775,11100000,364,0,0
S,2776,11104000,364,0,0
S,2777,11108000,364,0,0
S,2778,11112000,365,0,0
S,2779,11116000,364,0,0
S,2780,11120000,364,0,0
S,2781,11124000,367,0,0
S,2782,11128000,363,0,0
S,2783,11132000,362,0,0
S,2784,11136000,366,0,0
S,2785,11140000,366,0,0
S,2786,11144000,367,0,0
S,2787,11148000,362,0,0
S,2788,11152000,367,0,0
S,2789,11156000,365,0,0
S,2790,11160000,368,0,0
S,2791,11164000,361,0,0
S,2792,11168000,365,0,0
S,2793,11172000,364,0,0
S,2794,11176000,361,0,0
S,2795,11180000,363,0,0
S,2796,11184000,367,0,0
S,2797,11188000,363,0,0
S,2798,11192000,363,0,0
S,2799,11196000,366,0,0
S,2800,11200000,366,0,0
S,2801,11204000,366,0,0
S,2802,11208000,363,0,0
S,2803,11212000,364,0,0
S,2804,11216000,367,0,0
S,2805,11220000,363,0,0
S,2806,11224000,363,0,0
S,2807,11228000,366,0,0
S,2808,11232000,368,0,0
S,2809,11236000,362,0,0
S,2810,11240000,359,0,0
S,2811,11244000,361,0,0
S,2812,11248000,362,0,0
S,2813,11252000,364,0,0
S,2814,11256000,366,0,0
S,2815,11260000,364,0,0
S,2816,11264000,363,0,0
S,2817,11268000,365,0,0
S,2818,11272000,362,0,0
S,2819,11276000,364,0,0
S,2820,11280000,363,0,0
S,2821,11284000,370,0,0
S,2822,11288000,366,0,0
S,2823,11292000,363,0,0
S,2824,11296000,362,0,0
S,2825,11300000,364,0,0
S,2826,11304000,361,0,0
S,2827,11308000,363,0,0
S,2828,11312000,363,0,0
S,2829,11316000,367,0,0
S,2830,11320000,364,0,0
S,2831,11324000,363,0,0
S,2832,11328000,362,0,0
S,2833,11332000,362,0,0
S,2834,11336000,365,0,0
S,2835,11340000,364,0,0
S,2836,11344000,367,0,0
S,2837,11348000,363,0,0
S,2838,11352000,367,0,0
S,2839,11356000,365,0,0
S,2840,11360000,365,0,0
S,2841,11364000,361,0,0
S,2842,11368000,362,0,0
S,2843,11372000,367,0,0
S,2844,11376000,368,0,0
S,2845,11380000,365,0,0
S,2846,11384000,367,0,0
S,2847,11388000,364,0,0
S,2848,11392000,364,0,0
S,2849,11396000,364,0,0
S,2850,11400000,367,0,0
S,2851,11404000,366,0,0
S,2852,11408000,365,0,0
S,2853,11412000,364,0,0
S,2854,11416000,366,0,0
S,2855,11420000,366,0,0
S,2856,11424000,363,0,0
S,2857,11428000,369,0,0
S,2858,11432000,366,0,0
S,2859,11436000,365,0,0
S,2860,11440000,369,0,0
S,2861,11444000,368,0,0
S,2862,11448000,365,0,0
S,2863,11452000,367,0,0
S,2864,11456000,363,0,0
S,2865,11460000,364,0,0
S,2866,11464000,361,0,0
S,2867,11468000,368,0,0
S,2868,11472000,361,0,0
S,2869,11476000,367,0,0
S,2870,11480000,364,0,0
S,2871,11484000,363,0,0
S,2872,11488000,365,0,0
S,2873,11492000,366,0,0
S,2874,11496000,367,0,0
S,2875,11500000,370,0,0
S,2876,11504000,367,0,0
S,2877,11508000,368,0,0
S,2878,11512000,365,0,0
S,2879,11516000,367,0,0
S,2880,11520000,366,0,0
S,2881,11524000,365,0,0
S,2882,11528000,366,0,0
S,2883,11532000,366,0,0
S,2884,11536000,366,0,0
S,2885,11540000,367,0,0
S,2886,11544000,365,0,0
S,2887,11548000,364,0,0
S,2888,11552000,368,0,0
S,2889,11556000,362,0,0
S,2890,11560000,365,0,0
S,2891,11564000,370,0,0
S,2892,11568000,360,0,0
S,2893,11572000,365,0,0
S,2894,11576000,368,0,0
S,2895,11580000,368,0,0
S,2896,11584000,378,0,0
S,2897,11588000,362,0,0
S,2898,11592000,367,0,0
S,2899,11596000,368,0,0
S,2900,11600000,367,0,0
S,2901,11604000,368,0,0
S,2902,11608000,364,0,0
S,2903,11612000,359,0,0
S,2904,11616000,365,0,0
S,2905,11620000,367,0,0
S,2906,11624000,372,0,0
S,2907,11628000,368,0,0
S,2908,11632000,361,0,0
S,2909,11636000,364,0,0
S,2910,11640000,369,0,0
S,2911,11644000,366,0,0
S,2912,11648000,365,0,0
S,2913,11652000,362,0,0
S,2914,11656000,360,0,0
S,2915,11660000,368,0,0
S,2916,11664000,366,0,0
S,2917,11668000,362,0,0
S,2918,11672000,358,0,0
S,2919,11676000,359,0,0
S,2920,11680000,362,0,0
S,2921,11684000,355,0,0
S,2922,11688000,356,0,0
S,2923,11692000,359,0,0
S,2924,11696000,361,0,0
S,2925,11700000,359,0,0
S,2926,11704000,354,0,0
S,2927,11708000,352,0,0
S,2928,11712000,361,0,0
S,2929,11716000,364,0,0
S,2930,11720000,366,0,0
S,2931,11724000,361,0,0
S,2932,11728000,356,0,0
S,2933,11732000,361,0,0
S,2934,11736000,368,0,0
S,2935,11740000,373,0,0
S,2936,11744000,374,0,0
S,2937,11748000,369,0,0
S,2938,11752000,370,0,0
S,2939,11756000,376,0,0
S,2940,11760000,382,0,0
S,2941,11764000,380,0,0
S,2942,11768000,382,0,0
S,2943,11772000,381,0,0
S,2944,11776000,378,0,0
S,2945,11780000,381,0,0
S,2946,11784000,383,0,0
S,2947,11788000,371,0,0
S,2948,11792000,369,0,0
S,2949,11796000,364,0,0
S,2950,11800000,367,0,0
S,2951,11804000,366,0,0
S,2952,11808000,361,0,0
S,2953,11812000,356,0,0
S,2954,11816000,358,0,0
S,2955,11820000,361,0,0
S,2956,11824000,365,0,0
S,2957,11828000,352,0,0
S,2958,11832000,358,0,0
S,2959,11836000,360,0,0
S,2960,11840000,365,0,0
S,2961,11844000,370,0,0
S,2962,11848000,357,0,0
S,2963,11852000,362,0,0
S,2964,11856000,364,0,0
S,2965,11860000,365,0,0
S,2966,11864000,367,0,0
S,2967,11868000,352,0,0
S,2968,11872000,354,0,0
S,2969,11876000,383,0,0
S,2970,11880000,409,0,0
S,2971,11884000,469,0,0
S,2972,11888000,532,0,0
S,2973,11892000,588,0,0
S,2974,11896000,615,0,0
S,2975,11900000,586,0,0
S,2976,11904000,503,0,0
S,2977,11908000,422,0,0
S,2978,11912000,380,0,0
S,2979,11916000,357,0,0
S,2980,11920000,348,0,0
S,2981,11924000,339,0,0
S,2982,11928000,340,0,0
S,2983,11932000,344,0,0
S,2984,11936000,347,0,0
S,2985,11940000,347,0,0
S,2986,11944000,343,0,0
S,2987,11948000,343,0,0
S,2988,11952000,337,0,0
S,2989,11956000,348,0,0
S,2990,11960000,349,0,0
S,2991,11964000,342,0,0
S,2992,11968000,344,0,0
S,2993,11972000,345,0,0
S,2994,11976000,354,0,0
S,2995,11980000,351,0,0
S,2996,11984000,349,0,0
S,2997,11988000,351,0,0
S,2998,11992000,348,0,0
S,2999,11996000,351,0,0
S,3000,12000000,360,0,0
S,3001,12004000,354,0,0
S,3002,12008000,351,0,0
S,3003,12012000,352,0,0
S,3004,12016000,359,0,0
S,3005,12020000,360,0,0
S,3006,12024000,355,0,0
S,3007,12028000,355,0,0
S,3008,12032000,358,0,0
S,3009,12036000,362,0,0
S,3010,12040000,368,0,0
S,3011,12044000,368,0,0
S,3012,12048000,369,0,0
S,3013,12052000,365,0,0
S,3014,12056000,369,0,0
S,3015,12060000,368,0,0
S,3016,12064000,374,0,0
S,3017,12068000,377,0,0
S,3018,12072000,370,0,0
S,3019,12076000,375,0,0
S,3020,12080000,381,0,0
S,3021,12084000,386,0,0
S,3022,12088000,385,0,0
S,3023,12092000,387,0,0
S,3024,12096000,381,0,0
S,3025,12100000,393,0,0
S,3026,12104000,401,0,0
S,3027,12108000,394,0,0
S,3028,12112000,393,0,0
S,3029,12116000,399,0,0
S,3030,12120000,404,0,0
S,3031,12124000,402,0,0
S,3032,12128000,403,0,0
S,3033,12132000,399,0,0
S,3034,12136000,403,0,0
S,3035,12140000,408,0,0
S,3036,12144000,409,0,0
S,3037,12148000,404,0,0
S,3038,12152000,399,0,0
S,3039,12156000,398,0,0
S,3040,12160000,397,0,0
S,3041,12164000,397,0,0
S,3042,12168000,391,0,0
S,3043,12172000,378,0,0
S,3044,12176000,381,0,0
S,3045,12180000,377,0,0
S,3046,12184000,373,0,0
S,3047,12188000,370,0,0
S,3048,12192000,362,0,0
S,3049,12196000,362,0,0
S,3050,12200000,362,0,0
S,3051,12204000,363,0,0
S,3052,12208000,356,0,0
S,3053,12212000,350,0,0
S,3054,12216000,353,0,0
S,3055,12220000,360,0,0
S,3056,12224000,350,0,0
S,3057,12228000,350,0,0
S,3058,12232000,351,0,0
S,3059,12236000,353,0,0
S,3060,12240000,354,0,0
S,3061,12244000,361,0,0
S,3062,12248000,349,0,0
S,3063,12252000,357,0,0
S,3064,12256000,361,0,0
S,3065,12260000,359,0,0
S,3066,12264000,359,0,0
S,3067,12268000,354,0,0
S,3068,12272000,357,0,0
S,3069,12276000,360,0,0
S,3070,12280000,360,0,0
S,3071,12284000,360,0,0
S,3072,12288000,372,0,0
S,3073,12292000,365,0,0
S,3074,12296000,359,0,0
S,3075,12300000,363,0,0
S,3076,12304000,369,0,0
S,3077,12308000,367,0,0
S,3078,12312000,365,0,0
S,3079,12316000,361,0,0
S,3080,12320000,364,0,0
S,3081,12324000,369,0,0
S,3082,12328000,371,0,0
S,3083,12332000,365,0,0
S,3084,12336000,369,0,0
S,3085,12340000,373,0,0
S,3086,12344000,380,0,0
S,3087,12348000,375,0,0
S,3088,12352000,374,0,0
S,3089,12356000,372,0,0
S,3090,12360000,367,0,0
S,3091,12364000,373,0,0
S,3092,12368000,374,0,0
S,3093,12372000,378,0,0
S,3094,12376000,370,0,0
S,3095,12380000,378,0,0
S,3096,12384000,373,0,0
S,3097,12388000,375,0,0
S,3098,12392000,368,0,0
S,3099,12396000,374,0,0
S,3100,12400000,373,0,0
S,3101,12404000,375,0,0
S,3102,12408000,374,0,0
S,3103,12412000,371,0,0
S,3104,12416000,376,0,0
S,3105,12420000,375,0,0
S,3106,12424000,375,0,0
S,3107,12428000,376,0,0
S,3108,12432000,376,0,0
S,3109,12436000,374,0,0
S,3110,12440000,371,0,0
S,3111,12444000,371,0,0
S,3112,12448000,377,0,0
S,3113,12452000,375,0,0
S,3114,12456000,374,0,0
S,3115,12460000,373,0,0
S,3116,12464000,374,0,0
S,3117,12468000,374,0,0
S,3118,12472000,373,0,0
S,3119,12476000,373,0,0
S,3120,12480000,379,0,0
S,3121,12484000,375,0,0
S,3122,12488000,373,0,0
S,3123,12492000,371,0,0
S,3124,12496000,373,0,0
S,3125,12500000,376,0,0
S,3126,12504000,376,0,0
S,3127,12508000,374,0,0
S,3128,12512000,374,0,0
S,3129,12516000,374,0,0
S,3130,12520000,372,0,0
S,3131,12524000,377,0,0
S,3132,12528000,375,0,0
S,3133,12532000,380,0,0
S,3134,12536000,373,0,0
S,3135,12540000,374,0,0
S,3136,12544000,376,0,0
S,3137,12548000,374,0,0
S,3138,12552000,372,0,0
S,3139,12556000,373,0,0
S,3140,12560000,375,0,0
S,3141,12564000,375,0,0
S,3142,12568000,374,0,0
S,3143,12572000,377,0,0
S,3144,12576000,377,0,0
S,3145,12580000,375,0,0
S,3146,12584000,375,0,0
S,3147,12588000,374,0,0
S,3148,12592000,376,0,0
S,3149,12596000,377,0,0
S,3150,12600000,375,0,0
S,3151,12604000,376,0,0
S,3152,12608000,374,0,0
S,3153,12612000,372,0,0
S,3154,12616000,373,0,0
S,3155,12620000,377,0,0
S,3156,12624000,376,0,0
S,3157,12628000,379,0,0
S,3158,12632000,375,0,0
S,3159,12636000,377,0,0
S,3160,12640000,378,0,0
S,3161,12644000,377,0,0
S,3162,12648000,374,0,0
S,3163,12652000,375,0,0
S,3164,12656000,375,0,0
S,3165,12660000,373,0,0
S,3166,12664000,376,0,0
S,3167,12668000,377,0,0
S,3168,12672000,374,0,0
S,3169,12676000,380,0,0
S,3170,12680000,375,0,0
S,3171,12684000,375,0,0
S,3172,12688000,375,0,0
S,3173,12692000,374,0,0
S,3174,12696000,376,0,0
S,3175,12700000,375,0,0
S,3176,12704000,379,0,0
S,3177,12708000,377,0,0
S,3178,12712000,377,0,0
S,3179,12716000,375,0,0
S,3180,12720000,372,0,0
S,3181,12724000,375,0,0
S,3182,12728000,374,0,0
S,3183,12732000,378,0,0
S,3184,12736000,375,0,0
S,3185,12740000,379,0,0
S,3186,12744000,377,0,0
S,3187,12748000,377,0,0
S,3188,12752000,376,0,0
S,3189,12756000,376,0,0
S,3190,12760000,377,0,0
S,3191,12764000,378,0,0
S,3192,12768000,374,0,0
S,3193,12772000,377,0,0
S,3194,12776000,381,0,0
S,3195,12780000,375,0,0
S,3196,12784000,375,0,0
S,3197,12788000,374,0,0
S,3198,12792000,372,0,0
S,3199,12796000,378,0,0
S,3200,12800000,376,0,0
S,3201,12804000,376,0,0
S,3202,12808000,380,0,0
S,3203,12812000,381,0,0
S,3204,12816000,374,0,0
S,3205,12820000,378,0,0
S,3206,12824000,377,0,0
S,3207,12828000,377,0,0
S,3208,12832000,377,0,0
S,3209,12836000,376,0,0
S,3210,12840000,379,0,0
S,3211,12844000,382,0,0
S,3212,12848000,383,0,0
S,3213,12852000,380,0,0
S,3214,12856000,375,0,0
S,3215,12860000,375,0,0
S,3216,12864000,376,0,0
S,3217,12868000,382,0,0
S,3218,12872000,374,0,0
S,3219,12876000,370,0,0
S,3220,12880000,371,0,0
S,3221,12884000,378,0,0
S,3222,12888000,380,0,0
S,3223,12892000,375,0,0
S,3224,12896000,373,0,0
S,3225,12900000,369,0,0
S,3226,12904000,378,0,0
S,3227,12908000,379,0,0
S,3228,12912000,372,0,0
S,3229,12916000,368,0,0
S,3230,12920000,375,0,0
S,3231,12924000,375,0,0
S,3232,12928000,374,0,0
S,3233,12932000,370,0,0
S,3234,12936000,367,0,0
S,3235,12940000,371,0,0
S,3236,12944000,372,0,0
S,3237,12948000,365,0,0
S,3238,12952000,360,0,0
S,3239,12956000,367,0,0
S,3240,12960000,366,0,0
S,3241,12964000,369,0,0
S,3242,12968000,360,0,0
S,3243,12972000,363,0,0
S,3244,12976000,369,0,0
S,3245,12980000,371,0,0
S,3246,12984000,371,0,0
S,3247,12988000,365,0,0
S,3248,12992000,361,0,0
S,3249,12996000,369,0,0
S,3250,13000000,379,0,0
S,3251,13004000,383,0,0
S,3252,13008000,378,0,0
S,3253,13012000,378,0,0
S,3254,13016000,379,0,0
S,3255,13020000,389,0,0
S,3256,13024000,388,0,0
S,3257,13028000,386,0,0
S,3258,13032000,393,0,0
S,3259,13036000,384,0,0
S,3260,13040000,385,0,0
S,3261,13044000,387,0,0
S,3262,13048000,393,0,0
S,3263,13052000,383,0,0
S,3264,13056000,375,0,0
S,3265,13060000,374,0,0
S,3266,13064000,379,0,0
S,3267,13068000,374,0,0
S,3268,13072000,365,0,0
S,3269,13076000,367,0,0
S,3270,13080000,369,0,0
S,3271,13084000,373,0,0
S,3272,13088000,369,0,0
S,3273,13092000,362,0,0
S,3274,13096000,366,0,0
S,3275,13100000,367,0,0
S,3276,13104000,376,0,0
S,3277,13108000,370,0,0
S,3278,13112000,364,0,0
S,3279,13116000,367,0,0
S,3280,13120000,374,0,0
S,3281,13124000,373,0,0
S,3282,13128000,374,0,0
S,3283,13132000,355,0,0
S,3284,13136000,361,0,0
S,3285,13140000,385,0,0
S,3286,13144000,414,0,0
S,3287,13148000,472,0,0
S,3288,13152000,540,0,0
S,3289,13156000,601,0,0
S,3290,13160000,625,0,0
S,3291,13164000,587,0,0
S,3292,13168000,509,0,0
S,3293,13172000,430,0,0
S,3294,13176000,389,0,0
S,3295,13180000,365,0,0
S,3296,13184000,360,0,0
S,3297,13188000,350,0,0
S,3298,13192000,345,0,0
S,3299,13196000,348,0,0
S,3300,13200000,351,0,0
S,3301,13204000,355,0,0
S,3302,13208000,349,0,0
S,3303,13212000,346,0,0
S,3304,13216000,347,0,0
S,3305,13220000,358,0,0
S,3306,13224000,355,0,0
S,3307,13228000,349,0,0
S,3308,13232000,351,0,0
S,3309,13236000,350,0,0
S,3310,13240000,360,0,0
S,3311,13244000,361,0,0
S,3312,13248000,359,0,0
S,3313,13252000,349,0,0
S,3314,13256000,355,0,0
S,3315,13260000,361,0,0
S,3316,13264000,364,0,0
S,3317,13268000,358,0,0
S,3318,13272000,355,0,0
S,3319,13276000,362,0,0
S,3320,13280000,361,0,0
S,3321,13284000,367,0,0
S,3322,13288000,362,0,0
S,3323,13292000,362,0,0
S,3324,13296000,363,0,0
S,3325,13300000,368,0,0
S,3326,13304000,371,0,0
S,3327,13308000,374,0,0
S,3328,13312000,371,0,0
S,3329,13316000,367,0,0
S,3330,13320000,370,0,0
S,3331,13324000,374,0,0
S,3332,13328000,383,0,0
S,3333,13332000,379,0,0
S,3334,13336000,375,0,0
S,3335,13340000,381,0,0
S,3336,13344000,386,0,0
S,3337,13348000,387,0,0
S,3338,13352000,394,0,0
S,3339,13356000,388,0,0
S,3340,13360000,391,0,0
S,3341,13364000,397,0,0
S,3342,13368000,400,0,0
S,3343,13372000,397,0,0
S,3344,13376000,402,0,0
S,3345,13380000,399,0,0
S,3346,13384000,404,0,0
S,3347,13388000,410,0,0
S,3348,13392000,405,0,0
S,3349,13396000,403,0,0
S,3350,13400000,406,0,0
S,3351,13404000,416,0,0
S,3352,13408000,409,0,0
S,3353,13412000,409,0,0
S,3354,13416000,403,0,0
S,3355,13420000,403,0,0
S,3356,13424000,399,0,0
S,3357,13428000,402,0,0
S,3358,13432000,395,0,0
S,3359,13436000,385,0,0
S,3360,13440000,383,0,0
S,3361,13444000,383,0,0
S,3362,13448000,379,0,0
S,3363,13452000,371,0,0
S,3364,13456000,364,0,0
S,3365,13460000,363,0,0
S,3366,13464000,365,0,0
S,3367,13468000,365,0,0
S,3368,13472000,359,0,0
S,3369,13476000,352,0,0
S,3370,13480000,359,0,0
S,3371,13484000,362,0,0
S,3372,13488000,356,0,0
S,3373,13492000,353,0,0
S,3374,13496000,352,0,0
S,3375,13500000,360,0,0
S,3376,13504000,360,0,0
S,3377,13508000,358,0,0
S,3378,13512000,352,0,0
S,3379,13516000,354,0,0
S,3380,13520000,359,0,0
S,3381,13524000,362,0,0
S,3382,13528000,358,0,0
S,3383,13532000,355,0,0
S,3384,13536000,356,0,0
S,3385,13540000,363,0,0
S,3386,13544000,361,0,0
S,3387,13548000,363,0,0
S,3388,13552000,368,0,0
S,3389,13556000,366,0,0
S,3390,13560000,362,0,0
S,3391,13564000,366,0,0
S,3392,13568000,370,0,0
S,3393,13572000,372,0,0
S,3394,13576000,362,0,0
S,3395,13580000,364,0,0
S,3396,13584000,362,0,0
S,3397,13588000,371,0,0
S,3398,13592000,365,0,0
S,3399,13596000,363,0,0
S,3400,13600000,361,0,0
S,3401,13604000,377,0,0
S,3402,13608000,371,0,0
S,3403,13612000,374,0,0
S,3404,13616000,372,0,0
S,3405,13620000,369,0,0
S,3406,13624000,373,0,0
S,3407,13628000,375,0,0
S,3408,13632000,373,0,0
S,3409,13636000,375,0,0
S,3410,13640000,372,0,0
S,3411,13644000,373,0,0
S,3412,13648000,372,0,0
S,3413,13652000,374,0,0
S,3414,13656000,377,0,0
S,3415,13660000,374,0,0
S,3416,13664000,373,0,0
S,3417,13668000,372,0,0
S,3418,13672000,371,0,0
S,3419,13676000,376,0,0
S,3420,13680000,370,0,0
S,3421,13684000,371,0,0
S,3422,13688000,373,0,0
S,3423,13692000,372,0,0
S,3424,13696000,377,0,0
S,3425,13700000,368,0,0
S,3426,13704000,373,0,0
S,3427,13708000,374,0,0
S,3428,13712000,370,0,0
S,3429,13716000,371,0,0
S,3430,13720000,374,0,0
S,3431,13724000,376,0,0
S,3432,13728000,370,0,0
S,3433,13732000,369,0,0
S,3434,13736000,375,0,0
S,3435,13740000,376,0,0
S,3436,13744000,372,0,0
S,3437,13748000,367,0,0
S,3438,13752000,375,0,0
S,3439,13756000,372,0,0
S,3440,13760000,375,0,0
S,3441,13764000,372,0,0
S,3442,13768000,371,0,0
S,3443,13772000,371,0,0
S,3444,13776000,375,0,0
S,3445,13780000,375,0,0
S,3446,13784000,367,0,0
S,3447,13788000,370,0,0
S,3448,13792000,376,0,0
S,3449,13796000,371,0,0
S,3450,13800000,369,0,0
S,3451,13804000,372,0,0
S,3452,13808000,372,0,0
S,3453,13812000,372,0,0
S,3454,13816000,371,0,0
S,3455,13820000,371,0,0
S,3456,13824000,371,0,0
S,3457,13828000,372,0,0
S,3458,13832000,370,0,0
S,3459,13836000,371,0,0
S,3460,13840000,371,0,0
S,3461,13844000,374,0,0
S,3462,13848000,372,0,0
S,3463,13852000,371,0,0
S,3464,13856000,373,0,0
S,3465,13860000,372,0,0
S,3466,13864000,374,0,0
S,3467,13868000,372,0,0
S,3468,13872000,375,0,0
S,3469,13876000,374,0,0
S,3470,13880000,371,0,0
S,3471,13884000,370,0,0
S,3472,13888000,373,0,0
S,3473,13892000,372,0,0
S,3474,13896000,371,0,0
S,3475,13900000,368,0,0
S,3476,13904000,367,0,0
S,3477,13908000,372,0,0
S,3478,13912000,373,0,0
S,3479,13916000,373,0,0
S,3480,13920000,368,0,0
S,3481,13924000,373,0,0
S,3482,13928000,370,0,0
S,3483,13932000,371,0,0
S,3484,13936000,372,0,0
S,3485,13940000,369,0,0
S,3486,13944000,369,0,0
S,3487,13948000,366,0,0
S,3488,13952000,368,0,0
S,3489,13956000,366,0,0
S,3490,13960000,371,0,0
S,3491,13964000,370,0,0
S,3492,13968000,372,0,0
S,3493,13972000,371,0,0
S,3494,13976000,369,0,0
S,3495,13980000,371,0,0
S,3496,13984000,369,0,0
S,3497,13988000,371,0,0
S,3498,13992000,371,0,0
S,3499,13996000,368,0,0
S,3500,14000000,370,0,0
S,3501,14004000,370,0,0
S,3502,14008000,369,0,0
S,3503,14012000,372,0,0
S,3504,14016000,374,0,0
S,3505,14020000,369,0,0
S,3506,14024000,369,0,0
S,3507,14028000,365,0,0
S,3508,14032000,369,0,0
S,3509,14036000,369,0,0
S,3510,14040000,365,0,0
S,3511,14044000,370,0,0
S,3512,14048000,371,0,0
S,3513,14052000,368,0,0
S,3514,14056000,369,0,0
S,3515,14060000,367,0,0
S,3516,14064000,371,0,0
S,3517,14068000,366,0,0
S,3518,14072000,369,0,0
S,3519,14076000,374,0,0
S,3520,14080000,369,0,0
S,3521,14084000,370,0,0
S,3522,14088000,369,0,0
S,3523,14092000,367,0,0
S,3524,14096000,369,0,0
S,3525,14100000,370,0,0
S,3526,14104000,367,0,0
S,3527,14108000,375,0,0
S,3528,14112000,378,0,0
S,3529,14116000,372,0,0
S,3530,14120000,362,0,0
S,3531,14124000,365,0,0
S,3532,14128000,364,0,0
S,3533,14132000,373,0,0
S,3534,14136000,367,0,0
S,3535,14140000,364,0,0
S,3536,14144000,364,0,0
S,3537,14148000,369,0,0
S,3538,14152000,375,0,0
S,3539,14156000,368,0,0
S,3540,14160000,364,0,0
S,3541,14164000,367,0,0
S,3542,14168000,372,0,0
S,3543,14172000,371,0,0
S,3544,14176000,362,0,0
S,3545,14180000,358,0,0
S,3546,14184000,364,0,0
S,3547,14188000,370,0,0
S,3548,14192000,369,0,0
S,3549,14196000,363,0,0
S,3550,14200000,358,0,0
S,3551,14204000,363,0,0
S,3552,14208000,361,0,0
S,3553,14212000,357,0,0
S,3554,14216000,353,0,0
S,3555,14220000,359,0,0
S,3556,14224000,360,0,0
S,3557,14228000,359,0,0
S,3558,14232000,353,0,0
S,3559,14236000,354,0,0
S,3560,14240000,362,0,0
S,3561,14244000,363,0,0
S,3562,14248000,365,0,0
S,3563,14252000,358,0,0
S,3564,14256000,355,0,0
S,3565,14260000,359,0,0
S,3566,14264000,366,0,0
S,3567,14268000,376,0,0
S,3568,14272000,371,0,0
S,3569,14276000,368,0,0
S,3570,14280000,373,0,0
S,3571,14284000,377,0,0
S,3572,14288000,378,0,0
S,3573,14292000,379,0,0
S,3574,14296000,384,0,0
S,3575,14300000,378,0,0
S,3576,14304000,379,0,0
S,3577,14308000,382,0,0
S,3578,14312000,381,0,0
S,3579,14316000,374,0,0
S,3580,14320000,364,0,0
S,3581,14324000,368,0,0
S,3582,14328000,362,0,0
S,3583,14332000,366,0,0
S,3584,14336000,363,0,0
S,3585,14340000,354,0,0
S,3586,14344000,354,0,0
S,3587,14348000,363,0,0
S,3588,14352000,367,0,0
S,3589,14356000,353,0,0
S,3590,14360000,357,0,0
S,3591,14364000,358,0,0
S,3592,14368000,363,0,0
S,3593,14372000,371,0,0
S,3594,14376000,354,0,0
S,3595,14380000,357,0,0
S,3596,14384000,361,0,0
S,3597,14388000,364,0,0
S,3598,14392000,363,0,0
S,3599,14396000,349,0,0
S,3600,14400000,355,0,0
S,3601,14404000,375,0,0
S,3602,14408000,407,0,0
S,3603,14412000,464,0,0
S,3604,14416000,528,0,0
S,3605,14420000,585,0,0
S,3606,14424000,614,0,0
S,3607,14428000,578,0,0
S,3608,14432000,499,0,0
S,3609,14436000,419,0,0
S,3610,14440000,376,0,0
S,3611,14444000,355,0,0
S,3612,14448000,347,0,0
S,3613,14452000,340,0,0
S,3614,14456000,338,0,0
S,3615,14460000,342,0,0
S,3616,14464000,338,0,0
S,3617,14468000,343,0,0
S,3618,14472000,335,0,0
S,3619,14476000,337,0,0
S,3620,14480000,340,0,0
S,3621,14484000,343,0,0
S,3622,14488000,347,0,0
S,3623,14492000,339,0,0
S,3624,14496000,346,0,0
S,3625,14500000,344,0,0
S,3626,14504000,353,0,0
S,3627,14508000,347,0,0
S,3628,14512000,343,0,0
S,3629,14516000,345,0,0
S,3630,14520000,345,0,0
S,3631,14524000,350,0,0
S,3632,14528000,355,0,0
S,3633,14532000,346,0,0
S,3634,14536000,347,0,0
S,3635,14540000,350,0,0
S,3636,14544000,354,0,0
S,3637,14548000,356,0,0
S,3638,14552000,354,0,0
S,3639,14556000,350,0,0
S,3640,14560000,355,0,0
S,3641,14564000,358,0,0
S,3642,14568000,363,0,0
S,3643,14572000,364,0,0
S,3644,14576000,363,0,0
S,3645,14580000,353,0,0
S,3646,14584000,364,0,0
S,3647,14588000,366,0,0
S,3648,14592000,372,0,0
S,3649,14596000,370,0,0
S,3650,14600000,364,0,0
S,3651,14604000,369,0,0
S,3652,14608000,377,0,0
S,3653,14612000,384,0,0
S,3654,14616000,379,0,0
S,3655,14620000,376,0,0
S,3656,14624000,384,0,0
S,3657,14628000,383,0,0
S,3658,14632000,395,0,0
S,3659,14636000,388,0,0
S,3660,14640000,385,0,0
S,3661,14644000,393,0,0
S,3662,14648000,398,0,0
S,3663,14652000,395,0,0
S,3664,14656000,400,0,0
S,3665,14660000,392,0,0
S,3666,14664000,398,0,0
S,3667,14668000,400,0,0
S,3668,14672000,397,0,0
S,3669,14676000,400,0,0
S,3670,14680000,394,0,0
S,3671,14684000,397,0,0
S,3672,14688000,395,0,0
S,3673,14692000,392,0,0
S,3674,14696000,384,0,0
S,3675,14700000,373,0,0
S,3676,14704000,370,0,0
S,3677,14708000,369,0,0
S,3678,14712000,368,0,0
S,3679,14716000,355,0,0
S,3680,14720000,357,0,0
S,3681,14724000,353,0,0
S,3682,14728000,360,0,0
S,3683,14732000,357,0,0
S,3684,14736000,347,0,0
S,3685,14740000,345,0,0
S,3686,14744000,343,0,0
S,3687,14748000,346,0,0
S,3688,14752000,343,0,0
S,3689,14756000,346,0,0
S,3690,14760000,344,0,0
S,3691,14764000,345,0,0
S,3692,14768000,349,0,0
S,3693,14772000,350,0,0
S,3694,14776000,343,0,0
S,3695,14780000,345,0,0
S,3696,14784000,349,0,0
S,3697,14788000,349,0,0
S,3698,14792000,351,0,0
S,3699,14796000,346,0,0
S,3700,14800000,344,0,0
S,3701,14804000,349,0,0
S,3702,14808000,354,0,0
S,3703,14812000,349,0,0
S,3704,14816000,363,0,0
S,3705,14820000,356,0,0
S,3706,14824000,355,0,0
S,3707,14828000,360,0,0
S,3708,14832000,362,0,0
S,3709,14836000,362,0,0
S,3710,14840000,355,0,0
S,3711,14844000,353,0,0
S,3712,14848000,358,0,0
S,3713,14852000,363,0,0
S,3714,14856000,363,0,0
S,3715,14860000,361,0,0
S,3716,14864000,356,0,0
S,3717,14868000,365,0,0
S,3718,14872000,366,0,0
S,3719,14876000,364,0,0
S,3720,14880000,364,0,0
S,3721,14884000,362,0,0
S,3722,14888000,366,0,0
S,3723,14892000,362,0,0
S,3724,14896000,365,0,0
S,3725,14900000,361,0,0
S,3726,14904000,366,0,0
S,3727,14908000,362,0,0
S,3728,14912000,366,0,0
S,3729,14916000,361,0,0
S,3730,14920000,363,0,0
S,3731,14924000,367,0,0
S,3732,14928000,362,0,0
S,3733,14932000,364,0,0
S,3734,14936000,363,0,0
S,3735,14940000,359,0,0
S,3736,14944000,365,0,0
S,3737,14948000,365,0,0
S,3738,14952000,362,0,0
S,3739,14956000,365,0,0
S,3740,14960000,362,0,0
S,3741,14964000,362,0,0
S,3742,14968000,364,0,0
S,3743,14972000,363,0,0
S,3744,14976000,369,0,0
S,3745,14980000,361,0,0
S,3746,14984000,366,0,0
S,3747,14988000,366,0,0
S,3748,14992000,360,0,0
S,3749,14996000,360,0,0
S,3750,15000000,365,0,0
S,3751,15004000,363,0,0
S,3752,15008000,365,0,0
S,3753,15012000,367,0,0
S,3754,15016000,363,0,0
S,3755,15020000,362,0,0
S,3756,15024000,358,0,0
S,3757,15028000,364,0,0
S,3758,15032000,362,0,0
S,3759,15036000,365,0,0
S,3760,15040000,365,0,0
S,3761,15044000,361,0,0
S,3762,15048000,368,0,0
S,3763,15052000,366,0,0
S,3764,15056000,366,0,0
S,3765,15060000,361,0,0
S,3766,15064000,363,0,0
S,3767,15068000,363,0,0
S,3768,15072000,363,0,0
S,3769,15076000,362,0,0
S,3770,15080000,365,0,0
S,3771,15084000,365,0,0
S,3772,15088000,365,0,0
S,3773,15092000,363,0,0
S,3774,15096000,367,0,0
S,3775,15100000,364,0,0
S,3776,15104000,358,0,0
S,3777,15108000,363,0,0
S,3778,15112000,364,0,0
S,3779,15116000,366,0,0
S,3780,15120000,363,0,0
S,3781,15124000,364,0,0
S,3782,15128000,363,0,0
S,3783,15132000,366,0,0
S,3784,15136000,363,0,0
S,3785,15140000,363,0,0
S,3786,15144000,363,0,0
S,3787,15148000,365,0,0
S,3788,15152000,363,0,0
S,3789,15156000,360,0,0
S,3790,15160000,366,0,0
S,3791,15164000,363,0,0
S,3792,15168000,365,0,0
S,3793,15172000,365,0,0
S,3794,15176000,367,0,0
S,3795,15180000,367,0,0
S,3796,15184000,363,0,0
S,3797,15188000,364,0,0
S,3798,15192000,361,0,0
S,3799,15196000,368,0,0
S,3800,15200000,365,0,0
S,3801,15204000,367,0,0
S,3802,15208000,364,0,0
S,3803,15212000,360,0,0
S,3804,15216000,368,0,0
S,3805,15220000,365,0,0
S,3806,15224000,365,0,0
S,3807,15228000,365,0,0
S,3808,15232000,366,0,0
S,3809,15236000,366,0,0
S,3810,15240000,361,0,0
S,3811,15244000,367,0,0
S,3812,15248000,363,0,0
S,3813,15252000,363,0,0
S,3814,15256000,368,0,0
S,3815,15260000,367,0,0
S,3816,15264000,364,0,0
S,3817,15268000,360,0,0
S,3818,15272000,365,0,0
S,3819,15276000,366,0,0
S,3820,15280000,364,0,0
S,3821,15284000,362,0,0
S,3822,15288000,363,0,0
S,3823,15292000,362,0,0
S,3824,15296000,365,0,0
S,3825,15300000,366,0,0
S,3826,15304000,367,0,0
S,3827,15308000,363,0,0
S,3828,15312000,365,0,0
S,3829,15316000,366,0,0
S,3830,15320000,364,0,0
S,3831,15324000,364,0,0
S,3832,15328000,369,0,0
S,3833,15332000,365,0,0
S,3834,15336000,367,0,0
S,3835,15340000,364,0,0
S,3836,15344000,365,0,0
S,3837,15348000,361,0,0
S,3838,15352000,365,0,0
S,3839,15356000,368,0,0
S,3840,15360000,370,0,0
S,3841,15364000,368,0,0
S,3842,15368000,366,0,0
S,3843,15372000,370,0,0
S,3844,15376000,370,0,0
S,3845,15380000,366,0,0
S,3846,15384000,363,0,0
S,3847,15388000,361,0,0
S,3848,15392000,366,0,0
S,3849,15396000,365,0,0
S,3850,15400000,358,0,0
S,3851,15404000,357,0,0
S,3852,15408000,359,0,0
S,3853,15412000,365,0,0
S,3854,15416000,374,0,0
S,3855,15420000,364,0,0
S,3856,15424000,363,0,0
S,3857,15428000,366,0,0
S,3858,15432000,370,0,0
S,3859,15436000,366,0,0
S,3860,15440000,364,0,0
S,3861,15444000,360,0,0
S,3862,15448000,361,0,0
S,3863,15452000,367,0,0
S,3864,15456000,363,0,0
S,3865,15460000,360,0,0
S,3866,15464000,356,0,0
S,3867,15468000,360,0,0
S,3868,15472000,358,0,0
S,3869,15476000,354,0,0
S,3870,15480000,355,0,0
S,3871,15484000,361,0,0
S,3872,15488000,359,0,0
S,3873,15492000,361,0,0
S,3874,15496000,353,0,0
S,3875,15500000,352,0,0
S,3876,15504000,358,0,0
S,3877,15508000,360,0,0
S,3878,15512000,359,0,0
S,3879,15516000,361,0,0
S,3880,15520000,353,0,0
S,3881,15524000,358,0,0
S,3882,15528000,367,0,0
S,3883,15532000,375,0,0
S,3884,15536000,369,0,0
S,3885,15540000,368,0,0
S,3886,15544000,369,0,0
S,3887,15548000,375,0,0
S,3888,15552000,376,0,0
S,3889,15556000,377,0,0
S,3890,15560000,385,0,0
S,3891,15564000,374,0,0
S,3892,15568000,381,0,0
S,3893,15572000,378,0,0
S,3894,15576000,382,0,0
S,3895,15580000,375,0,0
S,3896,15584000,367,0,0
S,3897,15588000,366,0,0
S,3898,15592000,363,0,0
S,3899,15596000,366,0,0
S,3900,15600000,355,0,0
S,3901,15604000,360,0,0
S,3902,15608000,356,0,0
S,3903,15612000,363,0,0
S,3904,15616000,361,0,0
S,3905,15620000,353,0,0
S,3906,15624000,353,0,0
S,3907,15628000,360,0,0
S,3908,15632000,363,0,0
S,3909,15636000,365,0,0
S,3910,15640000,352,0,0
S,3911,15644000,358,0,0
S,3912,15648000,365,0,0
S,3913,15652000,362,0,0
S,3914,15656000,359,0,0
S,3915,15660000,349,0,0
S,3916,15664000,352,0,0
S,3917,15668000,378,0,0
S,3918,15672000,408,0,0
S,3919,15676000,463,0,0
S,3920,15680000,531,0,0
S,3921,15684000,588,0,0
S,3922,15688000,619,0,0
S,3923,15692000,583,0,0
S,3924,15696000,499,0,0
S,3925,15700000,423,0,0
S,3926,15704000,375,0,0
S,3927,15708000,357,0,0
S,3928,15712000,353,0,0
S,3929,15716000,339,0,0
S,3930,15720000,343,0,0
S,3931,15724000,339,0,0
S,3932,15728000,344,0,0
S,3933,15732000,342,0,0
S,3934,15736000,345,0,0
S,3935,15740000,340,0,0
S,3936,15744000,340,0,0
S,3937,15748000,345,0,0
S,3938,15752000,351,0,0
S,3939,15756000,338,0,0
S,3940,15760000,344,0,0
S,3941,15764000,349,0,0
S,3942,15768000,352,0,0
S,3943,15772000,352,0,0
S,3944,15776000,349,0,0
S,3945,15780000,343,0,0
S,3946,15784000,348,0,0
S,3947,15788000,355,0,0
S,3948,15792000,358,0,0
S,3949,15796000,352,0,0
S,3950,15800000,347,0,0
S,3951,15804000,353,0,0
S,3952,15808000,355,0,0
S,3953,15812000,363,0,0
S,3954,15816000,357,0,0
S,3955,15820000,354,0,0
S,3956,15824000,351,0,0
S,3957,15828000,360,0,0
S,3958,15832000,366,0,0
S,3959,15836000,364,0,0
S,3960,15840000,360,0,0
S,3961,15844000,360,0,0
S,3962,15848000,368,0,0
S,3963,15852000,367,0,0
S,3964,15856000,375,0,0
S,3965,15860000,374,0,0
S,3966,15864000,373,0,0
S,3967,15868000,374,0,0
S,3968,15872000,379,0,0
S,3969,15876000,384,0,0
S,3970,15880000,387,0,0
S,3971,15884000,384,0,0
S,3972,15888000,385,0,0
S,3973,15892000,386,0,0
S,3974,15896000,392,0,0
S,3975,15900000,393,0,0
S,3976,15904000,390,0,0
S,3977,15908000,397,0,0
S,3978,15912000,399,0,0
S,3979,15916000,403,0,0
S,3980,15920000,403,0,0
S,3981,15924000,398,0,0
S,3982,15928000,397,0,0
S,3983,15932000,405,0,0
S,3984,15936000,411,0,0
S,3985,15940000,401,0,0
S,3986,15944000,395,0,0
S,3987,15948000,400,0,0
S,3988,15952000,396,0,0
S,3989,15956000,394,0,0
S,3990,15960000,387,0,0
S,3991,15964000,380,0,0
S,3992,15968000,378,0,0
S,3993,15972000,379,0,0
S,3994,15976000,374,0,0
S,3995,15980000,368,0,0
S,3996,15984000,360,0,0
S,3997,15988000,359,0,0
S,3998,15992000,358,0,0
S,3999,15996000,361,0,0
S,4000,16000000,356,0,0
S,4001,16004000,351,0,0
S,4002,16008000,349,0,0
S,4003,16012000,356,0,0
S,4004,16016000,352,0,0
S,4005,16020000,346,0,0
S,4006,16024000,348,0,0
S,4007,16028000,350,0,0
S,4008,16032000,355,0,0
S,4009,16036000,355,0,0
S,4010,16040000,348,0,0
S,4011,16044000,352,0,0
S,4012,16048000,357,0,0
S,4013,16052000,356,0,0
S,4014,16056000,353,0,0
S,4015,16060000,351,0,0
S,4016,16064000,351,0,0
S,4017,16068000,357,0,0
S,4018,16072000,357,0,0
S,4019,16076000,358,0,0
S,4020,16080000,363,0,0
S,4021,16084000,358,0,0
S,4022,16088000,359,0,0
S,4023,16092000,364,0,0
S,4024,16096000,368,0,0
S,4025,16100000,369,0,0
S,4026,16104000,367,0,0
S,4027,16108000,362,0,0
S,4028,16112000,363,0,0
S,4029,16116000,364,0,0
S,4030,16120000,365,0,0
S,4031,16124000,362,0,0
S,4032,16128000,363,0,0
S,4033,16132000,372,0,0
S,4034,16136000,371,0,0
S,4035,16140000,371,0,0
S,4036,16144000,373,0,0
S,4037,16148000,372,0,0
S,4038,16152000,372,0,0
S,4039,16156000,372,0,0
S,4040,16160000,370,0,0
S,4041,16164000,369,0,0
S,4042,16168000,373,0,0
S,4043,16172000,373,0,0
S,4044,16176000,371,0,0
S,4045,16180000,371,0,0
S,4046,16184000,377,0,0
S,4047,16188000,370,0,0
S,4048,16192000,371,0,0
S,4049,16196000,372,0,0
S,4050,16200000,369,0,0
S,4051,16204000,372,0,0
S,4052,16208000,376,0,0
S,4053,16212000,374,0,0
S,4054,16216000,373,0,0
S,4055,16220000,373,0,0
S,4056,16224000,372,0,0
S,4057,16228000,374,0,0
S,4058,16232000,372,0,0
S,4059,16236000,371,0,0
S,4060,16240000,372,0,0
S,4061,16244000,374,0,0
S,4062,16248000,373,0,0
S,4063,16252000,374,0,0
S,4064,16256000,368,0,0
S,4065,16260000,375,0,0
S,4066,16264000,378,0,0
S,4067,16268000,375,0,0
S,4068,16272000,372,0,0
S,4069,16276000,371,0,0
S,4070,16280000,373,0,0
S,4071,16284000,370,0,0
S,4072,16288000,374,0,0
S,4073,16292000,372,0,0
S,4074,16296000,375,0,0
S,4075,16300000,376,0,0
S,4076,16304000,368,0,0
S,4077,16308000,373,0,0
S,4078,16312000,371,0,0
S,4079,16316000,370,0,0
S,4080,16320000,372,0,0
S,4081,16324000,372,0,0
S,4082,16328000,375,0,0
S,4083,16332000,370,0,0
S,4084,16336000,375,0,0
S,4085,16340000,377,0,0
S,4086,16344000,374,0,0
S,4087,16348000,374,0,0
S,4088,16352000,373,0,0
S,4089,16356000,371,0,0
S,4090,16360000,374,0,0
S,4091,16364000,374,0,0
S,4092,16368000,375,0,0
S,4093,16372000,379,0,0
S,4094,16376000,375,0,0
S,4095,16380000,374,0,0
S,4096,16384000,377,0,0
S,4097,16388000,370,0,0
S,4098,16392000,371,0,0
S,4099,16396000,373,0,0
S,4100,16400000,372,0,0
S,4101,16404000,375,0,0
S,4102,16408000,373,0,0
S,4103,16412000,377,0,0
S,4104,16416000,377,0,0
S,4105,16420000,375,0,0
S,4106,16424000,373,0,0
S,4107,16428000,375,0,0
S,4108,16432000,376,0,0
S,4109,16436000,371,0,0
S,4110,16440000,375,0,0
S,4111,16444000,375,0,0
S,4112,16448000,374,0,0
S,4113,16452000,377,0,0
S,4114,16456000,377,0,0
S,4115,16460000,372,0,0
S,4116,16464000,374,0,0
S,4117,16468000,372,0,0
S,4118,16472000,375,0,0
S,4119,16476000,372,0,0
S,4120,16480000,376,0,0
S,4121,16484000,375,0,0
S,4122,16488000,376,0,0
S,4123,16492000,374,0,0
S,4124,16496000,371,0,0
S,4125,16500000,378,0,0
S,4126,16504000,374,0,0
S,4127,16508000,377,0,0
S,4128,16512000,375,0,0
S,4129,16516000,376,0,0
S,4130,16520000,378,0,0
S,4131,16524000,375,0,0
S,4132,16528000,378,0,0
S,4133,16532000,371,0,0
S,4134,16536000,376,0,0
S,4135,16540000,374,0,0
S,4136,16544000,374,0,0
S,4137,16548000,375,0,0
S,4138,16552000,375,0,0
S,4139,16556000,378,0,0
S,4140,16560000,371,0,0
S,4141,16564000,375,0,0
S,4142,16568000,373,0,0
S,4143,16572000,377,0,0
S,4144,16576000,374,0,0
S,4145,16580000,376,0,0
S,4146,16584000,374,0,0
S,4147,16588000,376,0,0
S,4148,16592000,377,0,0
S,4149,16596000,374,0,0
S,4150,16600000,375,0,0
S,4151,16604000,372,0,0
S,4152,16608000,376,0,0
S,4153,16612000,377,0,0
S,4154,16616000,374,0,0
S,4155,16620000,377,0,0
S,4156,16624000,370,0,0
S,4157,16628000,371,0,0
S,4158,16632000,372,0,0
S,4159,16636000,379,0,0
S,4160,16640000,381,0,0
S,4161,16644000,376,0,0
S,4162,16648000,372,0,0
S,4163,16652000,375,0,0
S,4164,16656000,373,0,0
S,4165,16660000,374,0,0
S,4166,16664000,369,0,0
S,4167,16668000,374,0,0
S,4168,16672000,367,0,0
S,4169,16676000,378,0,0
S,4170,16680000,384,0,0
S,4171,16684000,375,0,0
S,4172,16688000,370,0,0
S,4173,16692000,373,0,0
S,4174,16696000,379,0,0
S,4175,16700000,380,0,0
S,4176,16704000,369,0,0
S,4177,16708000,371,0,0
S,4178,16712000,372,0,0
S,4179,16716000,379,0,0
S,4180,16720000,379,0,0
S,4181,16724000,371,0,0
S,4182,16728000,363,0,0
S,4183,16732000,369,0,0
S,4184,16736000,372,0,0
S,4185,16740000,366,0,0
S,4186,16744000,363,0,0
S,4187,16748000,373,0,0
S,4188,16752000,365,0,0
S,4189,16756000,371,0,0
S,4190,16760000,362,0,0
S,4191,16764000,363,0,0
S,4192,16768000,368,0,0
S,4193,16772000,374,0,0
S,4194,16776000,368,0,0
S,4195,16780000,365,0,0
S,4196,16784000,360,0,0
S,4197,16788000,371,0,0
S,4198,16792000,375,0,0
S,4199,16796000,382,0,0
S,4200,16800000,376,0,0
S,4201,16804000,374,0,0
S,4202,16808000,382,0,0
S,4203,16812000,385,0,0
S,4204,16816000,388,0,0
S,4205,16820000,388,0,0
S,4206,16824000,390,0,0
S,4207,16828000,382,0,0
S,4208,16832000,389,0,0
S,4209,16836000,390,0,0
S,4210,16840000,394,0,0
S,4211,16844000,378,0,0
S,4212,16848000,371,0,0
S,4213,16852000,370,0,0
S,4214,16856000,374,0,0
S,4215,16860000,377,0,0
S,4216,16864000,368,0,0
S,4217,16868000,364,0,0
S,4218,16872000,366,0,0
S,4219,16876000,374,0,0
S,4220,16880000,372,0,0
S,4221,16884000,364,0,0
S,4222,16888000,365,0,0
S,4223,16892000,362,0,0
S,4224,16896000,372,0,0
S,4225,16900000,376,0,0
S,4226,16904000,362,0,0
S,4227,16908000,368,0,0
S,4228,16912000,370,0,0
S,4229,16916000,372,0,0
S,4230,16920000,374,0,0
S,4231,16924000,356,0,0
S,4232,16928000,362,0,0
S,4233,16932000,381,0,0
S,4234,16936000,414,0,0
S,4235,16940000,470,0,0
S,4236,16944000,534,0,0
S,4237,16948000,600,0,0
S,4238,16952000,627,0,0
S,4239,16956000,585,0,0
S,4240,16960000,511,0,0
S,4241,16964000,433,0,0
S,4242,16968000,384,0,0
S,4243,16972000,367,0,0
S,4244,16976000,355,0,0
S,4245,16980000,348,0,0
S,4246,16984000,347,0,0
S,4247,16988000,348,0,0
S,4248,16992000,356,0,0
S,4249,16996000,351,0,0
S,4250,17000000,346,0,0
S,4251,17004000,346,0,0
S,4252,17008000,348,0,0
S,4253,17012000,354,0,0
S,4254,17016000,359,0,0
S,4255,17020000,349,0,0
S,4256,17024000,349,0,0
S,4257,17028000,351,0,0
S,4258,17032000,361,0,0
S,4259,17036000,358,0,0
S,4260,17040000,357,0,0
S,4261,17044000,357,0,0
S,4262,17048000,355,0,0
S,4263,17052000,361,0,0
S,4264,17056000,368,0,0
S,4265,17060000,358,0,0
S,4266,17064000,354,0,0
S,4267,17068000,358,0,0
S,4268,17072000,364,0,0
S,4269,17076000,369,0,0
S,4270,17080000,363,0,0
S,4271,17084000,362,0,0
S,4272,17088000,367,0,0
S,4273,17092000,368,0,0
S,4274,17096000,369,0,0
S,4275,17100000,374,0,0
S,4276,17104000,372,0,0
S,4277,17108000,371,0,0
S,4278,17112000,372,0,0
S,4279,17116000,375,0,0
S,4280,17120000,382,0,0
S,4281,17124000,377,0,0
S,4282,17128000,378,0,0
S,4283,17132000,379,0,0
S,4284,17136000,387,0,0
S,4285,17140000,390,0,0
S,4286,17144000,390,0,0
S,4287,17148000,387,0,0
S,4288,17152000,389,0,0
S,4289,17156000,397,0,0
S,4290,17160000,400,0,0
S,4291,17164000,400,0,0
S,4292,17168000,395,0,0
S,4293,17172000,402,0,0
S,4294,17176000,401,0,0
S,4295,17180000,408,0,0
S,4296,17184000,407,0,0
S,4297,17188000,405,0,0
S,4298,17192000,406,0,0
S,4299,17196000,411,0,0
S,4300,17200000,413,0,0
S,4301,17204000,410,0,0
S,4302,17208000,404,0,0
S,4303,17212000,405,0,0
S,4304,17216000,402,0,0
S,4305,17220000,401,0,0
S,4306,17224000,396,0,0
S,4307,17228000,384,0,0
S,4308,17232000,382,0,0
S,4309,17236000,384,0,0
S,4310,17240000,381,0,0
S,4311,17244000,371,0,0
S,4312,17248000,365,0,0
S,4313,17252000,364,0,0
S,4314,17256000,365,0,0
S,4315,17260000,369,0,0
S,4316,17264000,359,0,0
S,4317,17268000,354,0,0
S,4318,17272000,358,0,0
S,4319,17276000,357,0,0
S,4320,17280000,358,0,0
S,4321,17284000,357,0,0
S,4322,17288000,357,0,0
S,4323,17292000,360,0,0
S,4324,17296000,361,0,0
S,4325,17300000,357,0,0
S,4326,17304000,354,0,0
S,4327,17308000,355,0,0
S,4328,17312000,363,0,0
S,4329,17316000,360,0,0
S,4330,17320000,361,0,0
S,4331,17324000,355,0,0
S,4332,17328000,358,0,0
S,4333,17332000,365,0,0
S,4334,17336000,363,0,0
S,4335,17340000,358,0,0
S,4336,17344000,369,0,0
S,4337,17348000,363,0,0
S,4338,17352000,362,0,0
S,4339,17356000,368,0,0
S,4340,17360000,372,0,0
S,4341,17364000,370,0,0
S,4342,17368000,369,0,0
S,4343,17372000,363,0,0
S,4344,17376000,364,0,0
S,4345,17380000,367,0,0
S,4346,17384000,369,0,0
S,4347,17388000,370,0,0
S,4348,17392000,363,0,0
S,4349,17396000,377,0,0
S,4350,17400000,378,0,0
S,4351,17404000,374,0,0
S,4352,17408000,375,0,0
S,4353,17412000,373,0,0
S,4354,17416000,375,0,0
S,4355,17420000,376,0,0
S,4356,17424000,375,0,0
S,4357,17428000,377,0,0
S,4358,17432000,377,0,0
S,4359,17436000,375,0,0
S,4360,17440000,375,0,0
S,4361,17444000,374,0,0
S,4362,17448000,375,0,0
S,4363,17452000,372,0,0
S,4364,17456000,375,0,0
S,4365,17460000,375,0,0
S,4366,17464000,372,0,0
S,4367,17468000,379,0,0
S,4368,17472000,372,0,0
S,4369,17476000,372,0,0
S,4370,17480000,375,0,0
S,4371,17484000,370,0,0
S,4372,17488000,372,0,0
S,4373,17492000,371,0,0
S,4374,17496000,372,0,0
S,4375,17500000,374,0,0
S,4376,17504000,375,0,0
S,4377,17508000,376,0,0
S,4378,17512000,376,0,0
S,4379,17516000,377,0,0
S,4380,17520000,375,0,0
S,4381,17524000,373,0,0
S,4382,17528000,376,0,0
S,4383,17532000,373,0,0
S,4384,17536000,373,0,0
S,4385,17540000,377,0,0
S,4386,17544000,376,0,0
S,4387,17548000,374,0,0
S,4388,17552000,375,0,0
S,4389,17556000,376,0,0
S,4390,17560000,371,0,0
S,4391,17564000,373,0,0
S,4392,17568000,371,0,0
S,4393,17572000,374,0,0
S,4394,17576000,372,0,0
S,4395,17580000,377,0,0
S,4396,17584000,375,0,0
S,4397,17588000,372,0,0
S,4398,17592000,373,0,0
S,4399,17596000,371,0,0
S,4400,17600000,373,0,0
S,4401,17604000,375,0,0
S,4402,17608000,374,0,0
S,4403,17612000,369,0,0
S,4404,17616000,373,0,0
S,4405,17620000,374,0,0
S,4406,17624000,374,0,0
S,4407,17628000,376,0,0
S,4408,17632000,370,0,0
S,4409,17636000,374,0,0
S,4410,17640000,372,0,0
S,4411,17644000,373,0,0
S,4412,17648000,374,0,0
S,4413,17652000,375,0,0
S,4414,17656000,372,0,0
S,4415,17660000,373,0,0
S,4416,17664000,370,0,0
S,4417,17668000,370,0,0
S,4418,17672000,374,0,0
S,4419,17676000,373,0,0
S,4420,17680000,369,0,0
S,4421,17684000,371,0,0
S,4422,17688000,373,0,0
S,4423,17692000,376,0,0
S,4424,17696000,375,0,0
S,4425,17700000,374,0,0
S,4426,17704000,369,0,0
S,4427,17708000,372,0,0
S,4428,17712000,374,0,0
S,4429,17716000,373,0,0
S,4430,17720000,373,0,0
S,4431,17724000,372,0,0
S,4432,17728000,376,0,0
S,4433,17732000,376,0,0
S,4434,17736000,372,0,0
S,4435,17740000,370,0,0
S,4436,17744000,377,0,0
S,4437,17748000,371,0,0
S,4438,17752000,375,0,0
S,4439,17756000,376,0,0
S,4440,17760000,370,0,0
S,4441,17764000,373,0,0
S,4442,17768000,371,0,0
S,4443,17772000,373,0,0
S,4444,17776000,373,0,0
S,4445,17780000,376,0,0
S,4446,17784000,373,0,0
S,4447,17788000,372,0,0
S,4448,17792000,374,0,0
S,4449,17796000,371,0,0
S,4450,17800000,371,0,0
S,4451,17804000,377,0,0
S,4452,17808000,370,0,0
S,4453,17812000,371,0,0
S,4454,17816000,372,0,0
S,4455,17820000,369,0,0
S,4456,17824000,367,0,0
S,4457,17828000,374,0,0
S,4458,17832000,370,0,0
S,4459,17836000,370,0,0
S,4460,17840000,371,0,0
S,4461,17844000,369,0,0
S,4462,17848000,369,0,0
S,4463,17852000,372,0,0
S,4464,17856000,376,0,0
S,4465,17860000,373,0,0
S,4466,17864000,373,0,0
S,4467,17868000,368,0,0
S,4468,17872000,371,0,0
S,4469,17876000,368,0,0
S,4470,17880000,373,0,0
S,4471,17884000,370,0,0
S,4472,17888000,371,0,0
S,4473,17892000,371,0,0
S,4474,17896000,370,0,0
S,4475,17900000,372,0,0
S,4476,17904000,378,0,0
S,4477,17908000,369,0,0
S,4478,17912000,365,0,0
S,4479,17916000,368,0,0
S,4480,17920000,368,0,0
S,4481,17924000,373,0,0
S,4482,17928000,370,0,0
S,4483,17932000,365,0,0
S,4484,17936000,368,0,0
S,4485,17940000,373,0,0
S,4486,17944000,378,0,0
S,4487,17948000,365,0,0
S,4488,17952000,368,0,0
S,4489,17956000,366,0,0
S,4490,17960000,370,0,0
S,4491,17964000,372,0,0
S,4492,17968000,365,0,0
S,4493,17972000,365,0,0
S,4494,17976000,369,0,0
S,4495,17980000,366,0,0
S,4496,17984000,371,0,0
S,4497,17988000,370,0,0
S,4498,17992000,363,0,0
S,4499,17996000,366,0,0
S,4500,18000000,363,0,0
S,4501,18004000,356,0,0
S,4502,18008000,354,0,0
S,4503,18012000,363,0,0
S,4504,18016000,364,0,0
S,4505,18020000,361,0,0
S,4506,18024000,357,0,0
S,4507,18028000,357,0,0
S,4508,18032000,358,0,0
S,4509,18036000,364,0,0
S,4510,18040000,367,0,0
S,4511,18044000,365,0,0
S,4512,18048000,357,0,0
S,4513,18052000,367,0,0
S,4514,18056000,368,0,0
S,4515,18060000,373,0,0
S,4516,18064000,367,0,0
S,4517,18068000,370,0,0
S,4518,18072000,372,0,0
S,4519,18076000,384,0,0
S,4520,18080000,381,0,0
S,4521,18084000,380,0,0
S,4522,18088000,380,0,0
S,4523,18092000,382,0,0
S,4524,18096000,379,0,0
S,4525,18100000,383,0,0
S,4526,18104000,380,0,0
S,4527,18108000,378,0,0
S,4528,18112000,370,0,0
S,4529,18116000,366,0,0
S,4530,18120000,369,0,0
S,4531,18124000,369,0,0
S,4532,18128000,362,0,0
S,4533,18132000,357,0,0
S,4534,18136000,362,0,0
S,4535,18140000,364,0,0
S,4536,18144000,364,0,0
S,4537,18148000,354,0,0
S,4538,18152000,352,0,0
S,4539,18156000,358,0,0
S,4540,18160000,368,0,0
S,4541,18164000,366,0,0
S,4542,18168000,354,0,0
S,4543,18172000,361,0,0
S,4544,18176000,359,0,0
S,4545,18180000,365,0,0
S,4546,18184000,365,0,0
S,4547,18188000,351,0,0
S,4548,18192000,354,0,0
S,4549,18196000,382,0,0
S,4550,18200000,411,0,0
S,4551,18204000,465,0,0
S,4552,18208000,532,0,0
S,4553,18212000,586,0,0
S,4554,18216000,613,0,0
S,4555,18220000,582,0,0
S,4556,18224000,501,0,0
S,4557,18228000,424,0,0
S,4558,18232000,376,0,0
S,4559,18236000,356,0,0
S,4560,18240000,352,0,0
S,4561,18244000,346,0,0
S,4562,18248000,341,0,0
S,4563,18252000,338,0,0
S,4564,18256000,348,0,0
S,4565,18260000,347,0,0
S,4566,18264000,342,0,0
S,4567,18268000,340,0,0
S,4568,18272000,345,0,0
S,4569,18276000,347,0,0
S,4570,18280000,349,0,0
S,4571,18284000,338,0,0
S,4572,18288000,342,0,0
S,4573,18292000,342,0,0
S,4574,18296000,352,0,0
S,4575,18300000,352,0,0
S,4576,18304000,345,0,0
S,4577,18308000,348,0,0
S,4578,18312000,345,0,0
S,4579,18316000,351,0,0
S,4580,18320000,357,0,0
S,4581,18324000,347,0,0
S,4582,18328000,348,0,0
S,4583,18332000,352,0,0
S,4584,18336000,353,0,0
S,4585,18340000,363,0,0
S,4586,18344000,354,0,0
S,4587,18348000,353,0,0
S,4588,18352000,353,0,0
S,4589,18356000,353,0,0
S,4590,18360000,361,0,0
S,4591,18364000,364,0,0
S,4592,18368000,362,0,0
S,4593,18372000,362,0,0
S,4594,18376000,358,0,0
S,4595,18380000,365,0,0
S,4596,18384000,369,0,0
S,4597,18388000,374,0,0
S,4598,18392000,367,0,0
S,4599,18396000,370,0,0
S,4600,18400000,374,0,0
S,4601,18404000,384,0,0
S,4602,18408000,380,0,0
S,4603,18412000,380,0,0
S,4604,18416000,378,0,0
S,4605,18420000,389,0,0
S,4606,18424000,392,0,0
S,4607,18428000,390,0,0
S,4608,18432000,391,0,0
S,4609,18436000,392,0,0
S,4610,18440000,395,0,0
S,4611,18444000,401,0,0
S,4612,18448000,399,0,0
S,4613,18452000,393,0,0
S,4614,18456000,396,0,0
S,4615,18460000,401,0,0
S,4616,18464000,403,0,0
S,4617,18468000,402,0,0
S,4618,18472000,393,0,0
S,4619,18476000,398,0,0
S,4620,18480000,389,0,0
S,4621,18484000,391,0,0
S,4622,18488000,390,0,0
S,4623,18492000,374,0,0
S,4624,18496000,368,0,0
S,4625,18500000,375,0,0
S,4626,18504000,371,0,0
S,4627,18508000,359,0,0
S,4628,18512000,359,0,0
S,4629,18516000,352,0,0
S,4630,18520000,353,0,0
S,4631,18524000,356,0,0
S,4632,18528000,348,0,0
S,4633,18532000,342,0,0
S,4634,18536000,346,0,0
S,4635,18540000,346,0,0
S,4636,18544000,349,0,0
S,4637,18548000,343,0,0
S,4638,18552000,345,0,0
S,4639,18556000,347,0,0
S,4640,18560000,347,0,0
S,4641,18564000,346,0,0
S,4642,18568000,343,0,0
S,4643,18572000,349,0,0
S,4644,18576000,354,0,0
S,4645,18580000,350,0,0
S,4646,18584000,353,0,0
S,4647,18588000,343,0,0
S,4648,18592000,349,0,0
S,4649,18596000,351,0,0
S,4650,18600000,354,0,0
S,4651,18604000,353,0,0
S,4652,18608000,360,0,0
S,4653,18612000,357,0,0
S,4654,18616000,352,0,0
S,4655,18620000,357,0,0
S,4656,18624000,363,0,0
S,4657,18628000,370,0,0
S,4658,18632000,359,0,0
S,4659,18636000,355,0,0
S,4660,18640000,355,0,0
S,4661,18644000,362,0,0
S,4662,18648000,357,0,0
S,4663,18652000,355,0,0
S,4664,18656000,357,0,0
S,4665,18660000,362,0,0
S,4666,18664000,368,0,0
S,4667,18668000,367,0,0
S,4668,18672000,363,0,0
S,4669,18676000,363,0,0
S,4670,18680000,362,0,0
S,4671,18684000,362,0,0
S,4672,18688000,366,0,0
S,4673,18692000,366,0,0
S,4674,18696000,365,0,0
S,4675,18700000,365,0,0
S,4676,18704000,363,0,0
S,4677,18708000,365,0,0
S,4678,18712000,361,0,0
S,4679,18716000,365,0,0
S,4680,18720000,368,0,0
S,4681,18724000,367,0,0
S,4682,18728000,363,0,0
S,4683,18732000,364,0,0
S,4684,18736000,367,0,0
S,4685,18740000,368,0,0
S,4686,18744000,361,0,0
S,4687,18748000,363,0,0
S,4688,18752000,365,0,0
S,4689,18756000,367,0,0
S,4690,18760000,362,0,0
S,4691,18764000,366,0,0
S,4692,18768000,364,0,0
S,4693,18772000,370,0,0
S,4694,18776000,365,0,0
S,4695,18780000,364,0,0
S,4696,18784000,364,0,0
S,4697,18788000,367,0,0
S,4698,18792000,366,0,0
S,4699,18796000,362,0,0
S,4700,18800000,365,0,0
S,4701,18804000,361,0,0
S,4702,18808000,363,0,0
S,4703,18812000,361,0,0
S,4704,18816000,361,0,0
S,4705,18820000,363,0,0
S,4706,18824000,362,0,0
S,4707,18828000,365,0,0
S,4708,18832000,366,0,0
S,4709,18836000,364,0,0
S,4710,18840000,362,0,0
S,4711,18844000,366,0,0
S,4712,18848000,360,0,0
S,4713,18852000,360,0,0
S,4714,18856000,366,0,0
S,4715,18860000,365,0,0
S,4716,18864000,366,0,0
S,4717,18868000,364,0,0
S,4718,18872000,361,0,0
S,4719,18876000,363,0,0
S,4720,18880000,365,0,0
S,4721,18884000,362,0,0
S,4722,18888000,362,0,0
S,4723,18892000,361,0,0
S,4724,18896000,361,0,0
S,4725,18900000,366,0,0
S,4726,18904000,365,0,0
S,4727,18908000,361,0,0
S,4728,18912000,362,0,0
S,4729,18916000,363,0,0
S,4730,18920000,365,0,0
S,4731,18924000,361,0,0
S,4732,18928000,364,0,0
S,4733,18932000,359,0,0
S,4734,18936000,361,0,0
S,4735,18940000,365,0,0
S,4736,18944000,366,0,0
S,4737,18948000,361,0,0
S,4738,18952000,362,0,0
S,4739,18956000,366,0,0
S,4740,18960000,363,0,0
S,4741,18964000,363,0,0
S,4742,18968000,365,0,0
S,4743,18972000,364,0,0
S,4744,18976000,366,0,0
S,4745,18980000,366,0,0
S,4746,18984000,363,0,0
S,4747,18988000,364,0,0
S,4748,18992000,364,0,0
S,4749,18996000,361,0,0
S,4750,19000000,362,0,0
S,4751,19004000,366,0,0
S,4752,19008000,360,0,0
S,4753,19012000,366,0,0
S,4754,19016000,365,0,0
S,4755,19020000,364,0,0
S,4756,19024000,365,0,0
S,4757,19028000,365,0,0
S,4758,19032000,367,0,0
S,4759,19036000,363,0,0
S,4760,19040000,363,0,0
S,4761,19044000,363,0,0
S,4762,19048000,368,0,0
S,4763,19052000,366,0,0
S,4764,19056000,362,0,0
S,4765,19060000,363,0,0
S,4766,19064000,362,0,0
S,4767,19068000,364,0,0
S,4768,19072000,364,0,0
S,4769,19076000,369,0,0
S,4770,19080000,360,0,0
S,4771,19084000,366,0,0
S,4772,19088000,365,0,0
S,4773,19092000,362,0,0
S,4774,19096000,364,0,0
S,4775,19100000,363,0,0
S,4776,19104000,364,0,0
S,4777,19108000,366,0,0
S,4778,19112000,361,0,0
S,4779,19116000,367,0,0
S,4780,19120000,363,0,0
S,4781,19124000,367,0,0
S,4782,19128000,365,0,0
S,4783,19132000,367,0,0
S,4784,19136000,365,0,0
S,4785,19140000,366,0,0
S,4786,19144000,364,0,0
S,4787,19148000,362,0,0
S,4788,19152000,366,0,0
S,4789,19156000,366,0,0
S,4790,19160000,369,0,0
S,4791,19164000,365,0,0
S,4792,19168000,370,0,0
S,4793,19172000,367,0,0
S,4794,19176000,358,0,0
S,4795,19180000,362,0,0
S,4796,19184000,368,0,0
S,4797,19188000,369,0,0
S,4798,19192000,359,0,0
S,4799,19196000,361,0,0
S,4800,19200000,364,0,0
S,4801,19204000,369,0,0
S,4802,19208000,371,0,0
S,4803,19212000,364,0,0
S,4804,19216000,359,0,0
S,4805,19220000,361,0,0
S,4806,19224000,368,0,0
S,4807,19228000,367,0,0
S,4808,19232000,364,0,0
S,4809,19236000,358,0,0
S,4810,19240000,355,0,0
S,4811,19244000,365,0,0
S,4812,19248000,366,0,0
S,4813,19252000,361,0,0
S,4814,19256000,356,0,0
S,4815,19260000,356,0,0
S,4816,19264000,361,0,0
S,4817,19268000,352,0,0
S,4818,19272000,353,0,0
S,4819,19276000,356,0,0
S,4820,19280000,354,0,0
S,4821,19284000,361,0,0
S,4822,19288000,347,0,0
S,4823,19292000,350,0,0
S,4824,19296000,358,0,0
S,4825,19300000,359,0,0
S,4826,19304000,360,0,0
S,4827,19308000,355,0,0
S,4828,19312000,352,0,0
S,4829,19316000,363,0,0
S,4830,19320000,364,0,0
S,4831,19324000,369,0,0
S,4832,19328000,365,0,0
S,4833,19332000,362,0,0
S,4834,19336000,370,0,0
S,4835,19340000,376,0,0
S,4836,19344000,376,0,0
S,4837,19348000,374,0,0
S,4838,19352000,381,0,0
S,4839,19356000,371,0,0
S,4840,19360000,375,0,0
S,4841,19364000,378,0,0
S,4842,19368000,379,0,0
S,4843,19372000,372,0,0
S,4844,19376000,363,0,0
S,4845,19380000,362,0,0
S,4846,19384000,369,0,0
S,4847,19388000,366,0,0
S,4848,19392000,359,0,0
S,4849,19396000,353,0,0
S,4850,19400000,357,0,0
S,4851,19404000,363,0,0
S,4852,19408000,365,0,0
S,4853,19412000,357,0,0
S,4854,19416000,354,0,0
S,4855,19420000,357,0,0
S,4856,19424000,362,0,0
S,4857,19428000,355,0,0
S,4858,19432000,349,0,0
S,4859,19436000,357,0,0
S,4860,19440000,362,0,0
S,4861,19444000,361,0,0
S,4862,19448000,364,0,0
S,4863,19452000,349,0,0
S,4864,19456000,353,0,0
S,4865,19460000,381,0,0
S,4866,19464000,408,0,0
S,4867,19468000,465,0,0
S,4868,19472000,525,0,0
S,4869,19476000,591,0,0
S,4870,19480000,614,0,0
S,4871,19484000,578,0,0
S,4872,19488000,499,0,0
S,4873,19492000,421,0,0
S,4874,19496000,378,0,0
S,4875,19500000,356,0,0
S,4876,19504000,351,0,0
S,4877,19508000,342,0,0
S,4878,19512000,338,0,0
S,4879,19516000,340,0,0
S,4880,19520000,346,0,0
S,4881,19524000,343,0,0
S,4882,19528000,345,0,0
S,4883,19532000,337,0,0
S,4884,19536000,337,0,0
S,4885,19540000,348,0,0
S,4886,19544000,349,0,0
S,4887,19548000,341,0,0
S,4888,19552000,342,0,0
S,4889,19556000,343,0,0
S,4890,19560000,353,0,0
S,4891,19564000,352,0,0
S,4892,19568000,346,0,0
S,4893,19572000,344,0,0
S,4894,19576000,348,0,0
S,4895,19580000,353,0,0
S,4896,19584000,349,0,0
S,4897,19588000,347,0,0
S,4898,19592000,345,0,0
S,4899,19596000,350,0,0
S,4900,19600000,354,0,0
S,4901,19604000,361,0,0
S,4902,19608000,355,0,0
S,4903,19612000,352,0,0
S,4904,19616000,355,0,0
S,4905,19620000,360,0,0
S,4906,19624000,361,0,0
S,4907,19628000,365,0,0
S,4908,19632000,366,0,0
S,4909,19636000,362,0,0
S,4910,19640000,359,0,0
S,4911,19644000,369,0,0
S,4912,19648000,373,0,0
S,4913,19652000,372,0,0
S,4914,19656000,371,0,0
S,4915,19660000,373,0,0
S,4916,19664000,376,0,0
S,4917,19668000,385,0,0
S,4918,19672000,383,0,0
S,4919,19676000,380,0,0
S,4920,19680000,384,0,0
S,4921,19684000,388,0,0
S,4922,19688000,391,0,0
S,4923,19692000,389,0,0
S,4924,19696000,389,0,0
S,4925,19700000,391,0,0
S,4926,19704000,394,0,0
S,4927,19708000,403,0,0
S,4928,19712000,399,0,0
S,4929,19716000,395,0,0
S,4930,19720000,397,0,0
S,4931,19724000,404,0,0
S,4932,19728000,404,0,0
S,4933,19732000,402,0,0
S,4934,19736000,393,0,0
S,4935,19740000,398,0,0
S,4936,19744000,393,0,0
S,4937,19748000,396,0,0
S,4938,19752000,383,0,0
S,4939,19756000,374,0,0
S,4940,19760000,376,0,0
S,4941,19764000,374,0,0
S,4942,19768000,370,0,0
S,4943,19772000,365,0,0
S,4944,19776000,358,0,0
S,4945,19780000,357,0,0
S,4946,19784000,353,0,0
S,4947,19788000,358,0,0
S,4948,19792000,351,0,0
S,4949,19796000,348,0,0
S,4950,19800000,351,0,0
S,4951,19804000,349,0,0
S,4952,19808000,355,0,0
S,4953,19812000,345,0,0
S,4954,19816000,342,0,0
S,4955,19820000,346,0,0
S,4956,19824000,357,0,0
S,4957,19828000,352,0,0
S,4958,19832000,345,0,0
S,4959,19836000,347,0,0
S,4960,19840000,353,0,0
S,4961,19844000,358,0,0
S,4962,19848000,354,0,0
S,4963,19852000,353,0,0
S,4964,19856000,350,0,0
S,4965,19860000,351,0,0
S,4966,19864000,358,0,0
S,4967,19868000,355,0,0
S,4968,19872000,364,0,0
S,4969,19876000,363,0,0
S,4970,19880000,357,0,0
S,4971,19884000,363,0,0
S,4972,19888000,365,0,0
S,4973,19892000,363,0,0
S,4974,19896000,363,0,0
S,4975,19900000,358,0,0
S,4976,19904000,364,0,0
S,4977,19908000,366,0,0
S,4978,19912000,365,0,0
S,4979,19916000,363,0,0
S,4980,19920000,361,0,0
S,4981,19924000,369,0,0
S,4982,19928000,371,0,0
S,4983,19932000,369,0,0
S,4984,19936000,371,0,0
S,4985,19940000,367,0,0
S,4986,19944000,370,0,0
S,4987,19948000,370,0,0
S,4988,19952000,368,0,0
S,4989,19956000,369,0,0
S,4990,19960000,368,0,0
S,4991,19964000,371,0,0
S,4992,19968000,368,0,0
S,4993,19972000,371,0,0
S,4994,19976000,373,0,0
S,4995,19980000,371,0,0
S,4996,19984000,366,0,0
S,4997,19988000,370,0,0
S,4998,19992000,372,0,0
S,4999,19996000,369,0,0
S,5000,20000000,372,0,0
S,5001,20004000,371,0,0
S,5002,20008000,371,0,0
S,5003,20012000,370,0,0
S,5004,20016000,369,0,0
S,5005,20020000,370,0,0
S,5006,20024000,370,0,0
S,5007,20028000,371,0,0
S,5008,20032000,371,0,0
S,5009,20036000,370,0,0
S,5010,20040000,371,0,0
S,5011,20044000,371,0,0
S,5012,20048000,367,0,0
S,5013,20052000,369,0,0
S,5014,20056000,369,0,0
S,5015,20060000,370,0,0
S,5016,20064000,370,0,0
S,5017,20068000,370,0,0
S,5018,20072000,369,0,0
S,5019,20076000,372,0,0
S,5020,20080000,371,0,0
S,5021,20084000,367,0,0
S,5022,20088000,371,0,0
S,5023,20092000,368,0,0
S,5024,20096000,375,0,0
S,5025,20100000,370,0,0
S,5026,20104000,370,0,0
S,5027,20108000,371,0,0
S,5028,20112000,371,0,0
S,5029,20116000,371,0,0
S,5030,20120000,375,0,0
S,5031,20124000,372,0,0
S,5032,20128000,373,0,0
S,5033,20132000,374,0,0
S,5034,20136000,369,0,0
S,5035,20140000,375,0,0
S,5036,20144000,373,0,0
S,5037,20148000,374,0,0
S,5038,20152000,370,0,0
S,5039,20156000,373,0,0
S,5040,20160000,372,0,0
S,5041,20164000,370,0,0
S,5042,20168000,377,0,0
S,5043,20172000,373,0,0
S,5044,20176000,371,0,0
S,5045,20180000,372,0,0
S,5046,20184000,374,0,0
S,5047,20188000,374,0,0
S,5048,20192000,373,0,0
S,5049,20196000,375,0,0
S,5050,20200000,375,0,0
S,5051,20204000,369,0,0
S,5052,20208000,371,0,0
S,5053,20212000,370,0,0
S,5054,20216000,372,0,0
S,5055,20220000,375,0,0
S,5056,20224000,374,0,0
S,5057,20228000,370,0,0
S,5058,20232000,372,0,0
S,5059,20236000,374,0,0
S,5060,20240000,371,0,0
S,5061,20244000,372,0,0
S,5062,20248000,373,0,0
S,5063,20252000,368,0,0
S,5064,20256000,374,0,0
S,5065,20260000,373,0,0
S,5066,20264000,374,0,0
S,5067,20268000,370,0,0
S,5068,20272000,371,0,0
S,5069,20276000,371,0,0
S,5070,20280000,373,0,0
S,5071,20284000,373,0,0
S,5072,20288000,373,0,0
S,5073,20292000,377,0,0
S,5074,20296000,376,0,0
S,5075,20300000,371,0,0
S,5076,20304000,371,0,0
S,5077,20308000,377,0,0
S,5078,20312000,372,0,0
S,5079,20316000,376,0,0
S,5080,20320000,376,0,0
S,5081,20324000,372,0,0
S,5082,20328000,372,0,0
S,5083,20332000,373,0,0
S,5084,20336000,371,0,0
S,5085,20340000,371,0,0
S,5086,20344000,372,0,0
S,5087,20348000,375,0,0
S,5088,20352000,372,0,0
S,5089,20356000,373,0,0
S,5090,20360000,372,0,0
S,5091,20364000,370,0,0
S,5092,20368000,377,0,0
S,5093,20372000,368,0,0
S,5094,20376000,372,0,0
S,5095,20380000,375,0,0
S,5096,20384000,370,0,0
S,5097,20388000,375,0,0
S,5098,20392000,376,0,0
S,5099,20396000,372,0,0
S,5100,20400000,374,0,0
S,5101,20404000,371,0,0
S,5102,20408000,375,0,0
S,5103,20412000,374,0,0
S,5104,20416000,374,0,0
S,5105,20420000,377,0,0
S,5106,20424000,375,0,0
S,5107,20428000,382,0,0
S,5108,20432000,381,0,0
S,5109,20436000,372,0,0
S,5110,20440000,371,0,0
S,5111,20444000,373,0,0
S,5112,20448000,370,0,0
S,5113,20452000,379,0,0
S,5114,20456000,371,0,0
S,5115,20460000,369,0,0
S,5116,20464000,369,0,0
S,5117,20468000,377,0,0
S,5118,20472000,381,0,0
S,5119,20476000,372,0,0
S,5120,20480000,371,0,0
S,5121,20484000,368,0,0
S,5122,20488000,379,0,0
S,5123,20492000,374,0,0
S,5124,20496000,365,0,0
S,5125,20500000,366,0,0
S,5126,20504000,368,0,0
S,5127,20508000,377,0,0
S,5128,20512000,373,0,0
S,5129,20516000,371,0,0
S,5130,20520000,363,0,0
S,5131,20524000,372,0,0
S,5132,20528000,369,0,0
S,5133,20532000,368,0,0
S,5134,20536000,359,0,0
S,5135,20540000,368,0,0
S,5136,20544000,364,0,0
S,5137,20548000,369,0,0
S,5138,20552000,364,0,0
S,5139,20556000,358,0,0
S,5140,20560000,364,0,0
S,5141,20564000,367,0,0
S,5142,20568000,365,0,0
S,5143,20572000,364,0,0
S,5144,20576000,361,0,0
S,5145,20580000,366,0,0
S,5146,20584000,375,0,0
S,5147,20588000,381,0,0
S,5148,20592000,375,0,0
S,5149,20596000,373,0,0
S,5150,20600000,379,0,0
S,5151,20604000,384,0,0
S,5152,20608000,384,0,0
S,5153,20612000,388,0,0
S,5154,20616000,392,0,0
S,5155,20620000,386,0,0
S,5156,20624000,386,0,0
S,5157,20628000,393,0,0
S,5158,20632000,395,0,0
S,5159,20636000,381,0,0
S,5160,20640000,374,0,0
S,5161,20644000,377,0,0
S,5162,20648000,373,0,0
S,5163,20652000,375,0,0
S,5164,20656000,366,0,0
S,5165,20660000,362,0,0
S,5166,20664000,365,0,0
S,5167,20668000,368,0,0
S,5168,20672000,371,0,0
S,5169,20676000,358,0,0
S,5170,20680000,369,0,0
S,5171,20684000,370,0,0
S,5172,20688000,375,0,0
S,5173,20692000,373,0,0
S,5174,20696000,365,0,0
S,5175,20700000,370,0,0
S,5176,20704000,373,0,0
S,5177,20708000,374,0,0
S,5178,20712000,369,0,0
S,5179,20716000,357,0,0
S,5180,20720000,362,0,0
S,5181,20724000,385,0,0
S,5182,20728000,412,0,0
S,5183,20732000,474,0,0
S,5184,20736000,540,0,0
S,5185,20740000,595,0,0
S,5186,20744000,628,0,0
S,5187,20748000,592,0,0
S,5188,20752000,508,0,0
S,5189,20756000,431,0,0
S,5190,20760000,385,0,0
S,5191,20764000,367,0,0
S,5192,20768000,358,0,0
S,5193,20772000,348,0,0
S,5194,20776000,350,0,0
S,5195,20780000,345,0,0
S,5196,20784000,354,0,0
S,5197,20788000,356,0,0
S,5198,20792000,349,0,0
S,5199,20796000,349,0,0
S,5200,20800000,349,0,0
S,5201,20804000,356,0,0
S,5202,20808000,357,0,0
S,5203,20812000,349,0,0
S,5204,20816000,351,0,0
S,5205,20820000,352,0,0
S,5206,20824000,364,0,0
S,5207,20828000,363,0,0
S,5208,20832000,357,0,0
S,5209,20836000,351,0,0
S,5210,20840000,354,0,0
S,5211,20844000,360,0,0
S,5212,20848000,368,0,0
S,5213,20852000,360,0,0
S,5214,20856000,356,0,0
S,5215,20860000,358,0,0
S,5216,20864000,365,0,0
S,5217,20868000,369,0,0
S,5218,20872000,363,0,0
S,5219,20876000,362,0,0
S,5220,20880000,368,0,0
S,5221,20884000,366,0,0
S,5222,20888000,376,0,0
S,5223,20892000,377,0,0
S,5224,20896000,372,0,0
S,5225,20900000,372,0,0
S,5226,20904000,373,0,0
S,5227,20908000,375,0,0
S,5228,20912000,382,0,0
S,5229,20916000,379,0,0
S,5230,20920000,379,0,0
S,5231,20924000,381,0,0
S,5232,20928000,387,0,0
S,5233,20932000,394,0,0
S,5234,20936000,384,0,0
S,5235,20940000,390,0,0
S,5236,20944000,388,0,0
S,5237,20948000,396,0,0
S,5238,20952000,399,0,0
S,5239,20956000,399,0,0
S,5240,20960000,401,0,0
S,5241,20964000,398,0,0
S,5242,20968000,405,0,0
S,5243,20972000,409,0,0
S,5244,20976000,404,0,0
S,5245,20980000,405,0,0
S,5246,20984000,406,0,0
S,5247,20988000,411,0,0
S,5248,20992000,410,0,0
S,5249,20996000,417,0,0
S,5250,21000000,402,0,0
S,5251,21004000,400,0,0
S,5252,21008000,401,0,0
S,5253,21012000,401,0,0
S,5254,21016000,395,0,0
S,5255,21020000,385,0,0
S,5256,21024000,380,0,0
S,5257,21028000,383,0,0
S,5258,21032000,379,0,0
S,5259,21036000,369,0,0
S,5260,21040000,366,0,0
S,5261,21044000,364,0,0
S,5262,21048000,368,0,0
S,5263,21052000,368,0,0
S,5264,21056000,359,0,0
S,5265,21060000,355,0,0
S,5266,21064000,357,0,0
S,5267,21068000,363,0,0
S,5268,21072000,358,0,0
S,5269,21076000,355,0,0
S,5270,21080000,356,0,0
S,5271,21084000,357,0,0
S,5272,21088000,361,0,0
S,5273,21092000,360,0,0
S,5274,21096000,353,0,0
S,5275,21100000,357,0,0
S,5276,21104000,365,0,0
S,5277,21108000,364,0,0
S,5278,21112000,361,0,0
S,5279,21116000,356,0,0
S,5280,21120000,363,0,0
S,5281,21124000,360,0,0
S,5282,21128000,363,0,0
S,5283,21132000,365,0,0
S,5284,21136000,372,0,0
S,5285,21140000,368,0,0
S,5286,21144000,365,0,0
S,5287,21148000,369,0,0
S,5288,21152000,375,0,0
S,5289,21156000,371,0,0
S,5290,21160000,369,0,0
S,5291,21164000,366,0,0
S,5292,21168000,367,0,0
S,5293,21172000,371,0,0
S,5294,21176000,369,0,0
S,5295,21180000,369,0,0
S,5296,21184000,370,0,0
S,5297,21188000,379,0,0
S,5298,21192000,379,0,0
S,5299,21196000,374,0,0
S,5300,21200000,379,0,0
S,5301,21204000,374,0,0
S,5302,21208000,376,0,0
S,5303,21212000,380,0,0
S,5304,21216000,373,0,0
S,5305,21220000,377,0,0
S,5306,21224000,376,0,0
S,5307,21228000,375,0,0
S,5308,21232000,374,0,0
S,5309,21236000,377,0,0
S,5310,21240000,375,0,0
S,5311,21244000,378,0,0
S,5312,21248000,378,0,0
S,5313,21252000,373,0,0
S,5314,21256000,374,0,0
S,5315,21260000,375,0,0
S,5316,21264000,373,0,0
S,5317,21268000,373,0,0
S,5318,21272000,376,0,0
S,5319,21276000,375,0,0
S,5320,21280000,372,0,0
S,5321,21284000,374,0,0
S,5322,21288000,377,0,0
S,5323,21292000,373,0,0
S,5324,21296000,373,0,0
S,5325,21300000,379,0,0
S,5326,21304000,378,0,0
S,5327,21308000,372,0,0
S,5328,21312000,372,0,0
S,5329,21316000,376,0,0
S,5330,21320000,373,0,0
S,5331,21324000,375,0,0
S,5332,21328000,374,0,0
S,5333,21332000,376,0,0
S,5334,21336000,370,0,0
S,5335,21340000,370,0,0
S,5336,21344000,372,0,0
S,5337,21348000,377,0,0
S,5338,21352000,375,0,0
S,5339,21356000,371,0,0
S,5340,21360000,376,0,0
S,5341,21364000,377,0,0
S,5342,21368000,374,0,0
S,5343,21372000,374,0,0
S,5344,21376000,376,0,0
S,5345,21380000,378,0,0
S,5346,21384000,375,0,0
S,5347,21388000,376,0,0
S,5348,21392000,375,0,0
S,5349,21396000,374,0,0
S,5350,21400000,373,0,0
S,5351,21404000,375,0,0
S,5352,21408000,374,0,0
S,5353,21412000,374,0,0
S,5354,21416000,377,0,0
S,5355,21420000,376,0,0
S,5356,21424000,377,0,0
S,5357,21428000,371,0,0
S,5358,21432000,376,0,0
S,5359,21436000,373,0,0
S,5360,21440000,373,0,0
S,5361,21444000,373,0,0
S,5362,21448000,377,0,0
S,5363,21452000,376,0,0
S,5364,21456000,373,0,0
S,5365,21460000,372,0,0
S,5366,21464000,375,0,0
S,5367,21468000,373,0,0
S,5368,21472000,378,0,0
S,5369,21476000,371,0,0
S,5370,21480000,370,0,0
S,5371,21484000,374,0,0
S,5372,21488000,374,0,0
S,5373,21492000,375,0,0
S,5374,21496000,376,0,0
S,5375,21500000,379,0,0
S,5376,21504000,373,0,0
S,5377,21508000,373,0,0
S,5378,21512000,370,0,0
S,5379,21516000,375,0,0
S,5380,21520000,376,0,0
S,5381,21524000,374,0,0
S,5382,21528000,377,0,0
S,5383,21532000,374,0,0
S,5384,21536000,377,0,0
S,5385,21540000,375,0,0
S,5386,21544000,372,0,0
S,5387,21548000,373,0,0
S,5388,21552000,371,0,0
S,5389,21556000,370,0,0
S,5390,21560000,374,0,0
S,5391,21564000,376,0,0
S,5392,21568000,378,0,0
S,5393,21572000,374,0,0
S,5394,21576000,373,0,0
S,5395,21580000,371,0,0
S,5396,21584000,376,0,0
S,5397,21588000,374,0,0
S,5398,21592000,372,0,0
S,5399,21596000,375,0,0
S,5400,21600000,375,0,0
S,5401,21604000,369,0,0
S,5402,21608000,375,0,0
S,5403,21612000,374,0,0
S,5404,21616000,373,0,0
S,5405,21620000,372,0,0
S,5406,21624000,377,0,0
S,5407,21628000,377,0,0
S,5408,21632000,377,0,0
S,5409,21636000,371,0,0
S,5410,21640000,372,0,0
S,5411,21644000,375,0,0
S,5412,21648000,370,0,0
S,5413,21652000,372,0,0
S,5414,21656000,369,0,0
S,5415,21660000,377,0,0
S,5416,21664000,375,0,0
S,5417,21668000,374,0,0
S,5418,21672000,373,0,0
S,5419,21676000,372,0,0
S,5420,21680000,372,0,0
S,5421,21684000,374,0,0
S,5422,21688000,371,0,0
S,5423,21692000,380,0,0
S,5424,21696000,378,0,0
S,5425,21700000,372,0,0
S,5426,21704000,373,0,0
S,5427,21708000,370,0,0
S,5428,21712000,373,0,0
S,5429,21716000,374,0,0
S,5430,21720000,365,0,0
S,5431,21724000,368,0,0
S,5432,21728000,367,0,0
S,5433,21732000,378,0,0
S,5434,21736000,375,0,0
S,5435,21740000,367,0,0
S,5436,21744000,370,0,0
S,5437,21748000,371,0,0
S,5438,21752000,375,0,0
S,5439,21756000,372,0,0
S,5440,21760000,370,0,0
S,5441,21764000,363,0,0
S,5442,21768000,367,0,0
S,5443,21772000,371,0,0
S,5444,21776000,372,0,0
S,5445,21780000,370,0,0
S,5446,21784000,362,0,0
S,5447,21788000,366,0,0
S,5448,21792000,366,0,0
S,5449,21796000,357,0,0
S,5450,21800000,356,0,0
S,5451,21804000,363,0,0
S,5452,21808000,362,0,0
S,5453,21812000,365,0,0
S,5454,21816000,355,0,0
S,5455,21820000,360,0,0
S,5456,21824000,365,0,0
S,5457,21828000,366,0,0
S,5458,21832000,363,0,0
S,5459,21836000,363,0,0
S,5460,21840000,358,0,0
S,5461,21844000,367,0,0
S,5462,21848000,371,0,0
S,5463,21852000,378,0,0
S,5464,21856000,373,0,0
S,5465,21860000,373,0,0
S,5466,21864000,370,0,0
S,5467,21868000,379,0,0
S,5468,21872000,383,0,0
S,5469,21876000,379,0,0
S,5470,21880000,388,0,0
S,5471,21884000,378,0,0
S,5472,21888000,382,0,0
S,5473,21892000,383,0,0
S,5474,21896000,386,0,0
S,5475,21900000,378,0,0
S,5476,21904000,370,0,0
S,5477,21908000,369,0,0
S,5478,21912000,376,0,0
S,5479,21916000,370,0,0
S,5480,21920000,360,0,0
S,5481,21924000,361,0,0
S,5482,21928000,362,0,0
S,5483,21932000,369,0,0
S,5484,21936000,372,0,0
S,5485,21940000,355,0,0
S,5486,21944000,362,0,0
S,5487,21948000,364,0,0
S,5488,21952000,367,0,0
S,5489,21956000,368,0,0
S,5490,21960000,351,0,0
S,5491,21964000,361,0,0
S,5492,21968000,369,0,0
S,5493,21972000,363,0,0
S,5494,21976000,365,0,0
S,5495,21980000,352,0,0
S,5496,21984000,359,0,0
S,5497,21988000,386,0,0
S,5498,21992000,405,0,0
S,5499,21996000,468,0,0
S,5500,22000000,534,0,0
S,5501,22004000,589,0,0
S,5502,22008000,619,0,0
S,5503,22012000,587,0,0
S,5504,22016000,506,0,0
S,5505,22020000,427,0,0
S,5506,22024000,374,0,0
S,5507,22028000,358,0,0
S,5508,22032000,354,0,0
S,5509,22036000,344,0,0
S,5510,22040000,343,0,0
S,5511,22044000,350,0,0
S,5512,22048000,347,0,0
S,5513,22052000,345,0,0
S,5514,22056000,343,0,0
S,5515,22060000,341,0,0
S,5516,22064000,341,0,0
S,5517,22068000,348,0,0
S,5518,22072000,352,0,0
S,5519,22076000,345,0,0
S,5520,22080000,343,0,0
S,5521,22084000,345,0,0
S,5522,22088000,355,0,0
S,5523,22092000,352,0,0
S,5524,22096000,352,0,0
S,5525,22100000,348,0,0
S,5526,22104000,347,0,0
S,5527,22108000,355,0,0
S,5528,22112000,362,0,0
S,5529,22116000,355,0,0
S,5530,22120000,349,0,0
S,5531,22124000,355,0,0
S,5532,22128000,354,0,0
S,5533,22132000,358,0,0
S,5534,22136000,357,0,0
S,5535,22140000,355,0,0
S,5536,22144000,358,0,0
S,5537,22148000,359,0,0
S,5538,22152000,365,0,0
S,5539,22156000,365,0,0
S,5540,22160000,366,0,0
S,5541,22164000,364,0,0
S,5542,22168000,365,0,0
S,5543,22172000,371,0,0
S,5544,22176000,371,0,0
S,5545,22180000,372,0,0
S,5546,22184000,373,0,0
S,5547,22188000,377,0,0
S,5548,22192000,379,0,0
S,5549,22196000,384,0,0
S,5550,22200000,380,0,0
S,5551,22204000,382,0,0
S,5552,22208000,386,0,0
S,5553,22212000,385,0,0
S,5554,22216000,394,0,0
S,5555,22220000,392,0,0
S,5556,22224000,391,0,0
S,5557,22228000,391,0,0
S,5558,22232000,398,0,0
S,5559,22236000,398,0,0
S,5560,22240000,403,0,0
S,5561,22244000,396,0,0
S,5562,22248000,395,0,0
S,5563,22252000,407,0,0
S,5564,22256000,406,0,0
S,5565,22260000,400,0,0
S,5566,22264000,399,0,0
S,5567,22268000,393,0,0
S,5568,22272000,395,0,0
S,5569,22276000,396,0,0
S,5570,22280000,382,0,0
S,5571,22284000,379,0,0
S,5572,22288000,373,0,0
S,5573,22292000,373,0,0
S,5574,22296000,369,0,0
S,5575,22300000,364,0,0
S,5576,22304000,357,0,0
S,5577,22308000,354,0,0
S,5578,22312000,356,0,0
S,5579,22316000,355,0,0
S,5580,22320000,355,0,0
S,5581,22324000,343,0,0
S,5582,22328000,346,0,0
S,5583,22332000,349,0,0
S,5584,22336000,350,0,0
S,5585,22340000,347,0,0
S,5586,22344000,347,0,0
S,5587,22348000,349,0,0
S,5588,22352000,351,0,0
S,5589,22356000,351,0,0
S,5590,22360000,347,0,0
S,5591,22364000,348,0,0
S,5592,22368000,353,0,0
S,5593,22372000,348,0,0
S,5594,22376000,357,0,0
S,5595,22380000,349,0,0
S,5596,22384000,349,0,0
S,5597,22388000,354,0,0
S,5598,22392000,352,0,0
S,5599,22396000,351,0,0
S,5600,22400000,362,0,0
S,5601,22404000,357,0,0
S,5602,22408000,354,0,0
S,5603,22412000,355,0,0
S,5604,22416000,362,0,0
S,5605,22420000,364,0,0
S,5606,22424000,358,0,0
S,5607,22428000,356,0,0
S,5608,22432000,354,0,0
S,5609,22436000,361,0,0
S,5610,22440000,362,0,0
S,5611,22444000,355,0,0
S,5612,22448000,353,0,0
S,5613,22452000,367,0,0
S,5614,22456000,364,0,0
S,5615,22460000,367,0,0
S,5616,22464000,365,0,0
S,5617,22468000,367,0,0
S,5618,22472000,365,0,0
S,5619,22476000,363,0,0
S,5620,22480000,366,0,0
S,5621,22484000,365,0,0
S,5622,22488000,367,0,0
S,5623,22492000,365,0,0
S,5624,22496000,365,0,0
S,5625,22500000,368,0,0
S,5626,22504000,368,0,0
S,5627,22508000,367,0,0
S,5628,22512000,368,0,0
S,5629,22516000,367,0,0
S,5630,22520000,367,0,0
S,5631,22524000,368,0,0
S,5632,22528000,366,0,0
S,5633,22532000,366,0,0
S,5634,22536000,366,0,0
S,5635,22540000,371,0,0
S,5636,22544000,366,0,0
S,5637,22548000,365,0,0
S,5638,22552000,365,0,0
S,5639,22556000,365,0,0
S,5640,22560000,366,0,0
S,5641,22564000,363,0,0
S,5642,22568000,361,0,0
S,5643,22572000,366,0,0
S,5644,22576000,362,0,0
S,5645,22580000,366,0,0
S,5646,22584000,366,0,0
S,5647,22588000,368,0,0
S,5648,22592000,369,0,0
S,5649,22596000,366,0,0
S,5650,22600000,364,0,0
S,5651,22604000,363,0,0
S,5652,22608000,363,0,0
S,5653,22612000,365,0,0
S,5654,22616000,361,0,0
S,5655,22620000,365,0,0
S,5656,22624000,365,0,0
S,5657,22628000,366,0,0
S,5658,22632000,364,0,0
S,5659,22636000,365,0,0
S,5660,22640000,363,0,0
S,5661,22644000,364,0,0
S,5662,22648000,361,0,0
S,5663,22652000,365,0,0
S,5664,22656000,368,0,0
S,5665,22660000,365,0,0
S,5666,22664000,366,0,0
S,5667,22668000,363,0,0
S,5668,22672000,368,0,0
S,5669,22676000,363,0,0
S,5670,22680000,367,0,0
S,5671,22684000,365,0,0
S,5672,22688000,363,0,0
S,5673,22692000,367,0,0
S,5674,22696000,365,0,0
S,5675,22700000,365,0,0
S,5676,22704000,366,0,0
S,5677,22708000,365,0,0
S,5678,22712000,364,0,0
S,5679,22716000,366,0,0
S,5680,22720000,364,0,0
S,5681,22724000,365,0,0
S,5682,22728000,363,0,0
S,5683,22732000,361,0,0
S,5684,22736000,363,0,0
S,5685,22740000,363,0,0
S,5686,22744000,365,0,0
S,5687,22748000,367,0,0
S,5688,22752000,361,0,0
S,5689,22756000,365,0,0
S,5690,22760000,360,0,0
S,5691,22764000,362,0,0
S,5692,22768000,363,0,0
S,5693,22772000,359,0,0
S,5694,22776000,360,0,0
S,5695,22780000,365,0,0
S,5696,22784000,365,0,0
S,5697,22788000,364,0,0
S,5698,22792000,363,0,0
S,5699,22796000,369,0,0
S,5700,22800000,364,0,0
S,5701,22804000,362,0,0
S,5702,22808000,368,0,0
S,5703,22812000,366,0,0
S,5704,22816000,363,0,0
S,5705,22820000,367,0,0
S,5706,22824000,365,0,0
S,5707,22828000,366,0,0
S,5708,22832000,365,0,0
S,5709,22836000,362,0,0
S,5710,22840000,366,0,0
S,5711,22844000,365,0,0
S,5712,22848000,362,0,0
S,5713,22852000,362,0,0
S,5714,22856000,366,0,0
S,5715,22860000,363,0,0
S,5716,22864000,364,0,0
S,5717,22868000,366,0,0
S,5718,22872000,364,0,0
S,5719,22876000,361,0,0
S,5720,22880000,366,0,0
S,5721,22884000,366,0,0
S,5722,22888000,366,0,0
S,5723,22892000,368,0,0
S,5724,22896000,365,0,0
S,5725,22900000,366,0,0
S,5726,22904000,368,0,0
S,5727,22908000,363,0,0
S,5728,22912000,368,0,0
S,5729,22916000,368,0,0
S,5730,22920000,366,0,0
S,5731,22924000,368,0,0
S,5732,22928000,366,0,0
S,5733,22932000,362,0,0
S,5734,22936000,367,0,0
S,5735,22940000,365,0,0
S,5736,22944000,365,0,0
S,5737,22948000,364,0,0
S,5738,22952000,367,0,0
S,5739,22956000,370,0,0
S,5740,22960000,368,0,0
S,5741,22964000,366,0,0
S,5742,22968000,363,0,0
S,5743,22972000,360,0,0
S,5744,22976000,362,0,0
S,5745,22980000,365,0,0
S,5746,22984000,360,0,0
S,5747,22988000,359,0,0
S,5748,22992000,363,0,0
S,5749,22996000,371,0,0
S,5750,23000000,373,0,0
S,5751,23004000,365,0,0
S,5752,23008000,364,0,0
S,5753,23012000,365,0,0
S,5754,23016000,365,0,0
S,5755,23020000,368,0,0
S,5756,23024000,361,0,0
S,5757,23028000,358,0,0
S,5758,23032000,359,0,0
S,5759,23036000,364,0,0
S,5760,23040000,364,0,0
S,5761,23044000,357,0,0
S,5762,23048000,356,0,0
S,5763,23052000,357,0,0
S,5764,23056000,357,0,0
S,5765,23060000,354,0,0
S,5766,23064000,353,0,0
S,5767,23068000,355,0,0
S,5768,23072000,356,0,0
S,5769,23076000,354,0,0
S,5770,23080000,347,0,0
S,5771,23084000,347,0,0
S,5772,23088000,359,0,0
S,5773,23092000,355,0,0
S,5774,23096000,359,0,0
S,5775,23100000,358,0,0
S,5776,23104000,351,0,0
S,5777,23108000,362,0,0
S,5778,23112000,368,0,0
S,5779,23116000,371,0,0
S,5780,23120000,372,0,0
S,5781,23124000,364,0,0
S,5782,23128000,367,0,0
S,5783,23132000,375,0,0
S,5784,23136000,374,0,0
S,5785,23140000,372,0,0
S,5786,23144000,376,0,0
S,5787,23148000,379,0,0
S,5788,23152000,374,0,0
S,5789,23156000,378,0,0
S,5790,23160000,379,0,0
S,5791,23164000,372,0,0
S,5792,23168000,363,0,0
S,5793,23172000,362,0,0
S,5794,23176000,362,0,0
S,5795,23180000,360,0,0
S,5796,23184000,354,0,0
S,5797,23188000,353,0,0
S,5798,23192000,359,0,0
S,5799,23196000,363,0,0
S,5800,23200000,365,0,0
S,5801,23204000,352,0,0
S,5802,23208000,353,0,0
S,5803,23212000,352,0,0
S,5804,23216000,361,0,0
S,5805,23220000,357,0,0
S,5806,23224000,351,0,0
S,5807,23228000,360,0,0
S,5808,23232000,360,0,0
S,5809,23236000,364,0,0
S,5810,23240000,360,0,0
S,5811,23244000,342,0,0
S,5812,23248000,351,0,0
S,5813,23252000,376,0,0
S,5814,23256000,406,0,0
S,5815,23260000,467,0,0
S,5816,23264000,525,0,0
S,5817,23268000,586,0,0
S,5818,23272000,613,0,0
S,5819,23276000,577,0,0
S,5820,23280000,495,0,0
S,5821,23284000,421,0,0
S,5822,23288000,375,0,0
S,5823,23292000,355,0,0
S,5824,23296000,345,0,0
S,5825,23300000,339,0,0
S,5826,23304000,335,0,0
S,5827,23308000,341,0,0
S,5828,23312000,341,0,0
S,5829,23316000,342,0,0
S,5830,23320000,337,0,0
S,5831,23324000,336,0,0
S,5832,23328000,335,0,0
S,5833,23332000,340,0,0
S,5834,23336000,350,0,0
S,5835,23340000,340,0,0
S,5836,23344000,342,0,0
S,5837,23348000,346,0,0
S,5838,23352000,350,0,0
S,5839,23356000,350,0,0
S,5840,23360000,345,0,0
S,5841,23364000,345,0,0
S,5842,23368000,346,0,0
S,5843,23372000,351,0,0
S,5844,23376000,354,0,0
S,5845,23380000,349,0,0
S,5846,23384000,348,0,0
S,5847,23388000,345,0,0
S,5848,23392000,352,0,0
S,5849,23396000,356,0,0
S,5850,23400000,352,0,0
S,5851,23404000,347,0,0
S,5852,23408000,355,0,0
S,5853,23412000,353,0,0
S,5854,23416000,361,0,0
S,5855,23420000,362,0,0
S,5856,23424000,358,0,0
S,5857,23428000,358,0,0
S,5858,23432000,358,0,0
S,5859,23436000,364,0,0
S,5860,23440000,372,0,0
S,5861,23444000,370,0,0
S,5862,23448000,368,0,0
S,5863,23452000,370,0,0
S,5864,23456000,380,0,0
S,5865,23460000,383,0,0
S,5866,23464000,378,0,0
S,5867,23468000,377,0,0
S,5868,23472000,380,0,0
S,5869,23476000,385,0,0
S,5870,23480000,389,0,0
S,5871,23484000,387,0,0
S,5872,23488000,391,0,0
S,5873,23492000,392,0,0
S,5874,23496000,394,0,0
S,5875,23500000,398,0,0
S,5876,23504000,397,0,0
S,5877,23508000,397,0,0
S,5878,23512000,397,0,0
S,5879,23516000,404,0,0
S,5880,23520000,395,0,0
S,5881,23524000,401,0,0
S,5882,23528000,395,0,0
S,5883,23532000,398,0,0
S,5884,23536000,393,0,0
S,5885,23540000,388,0,0
S,5886,23544000,387,0,0
S,5887,23548000,374,0,0
S,5888,23552000,368,0,0
S,5889,23556000,371,0,0
S,5890,23560000,373,0,0
S,5891,23564000,365,0,0
S,5892,23568000,360,0,0
S,5893,23572000,353,0,0
S,5894,23576000,362,0,0
S,5895,23580000,355,0,0
S,5896,23584000,350,0,0
S,5897,23588000,342,0,0
S,5898,23592000,350,0,0
S,5899,23596000,351,0,0
S,5900,23600000,352,0,0
S,5901,23604000,345,0,0
S,5902,23608000,344,0,0
S,5903,23612000,350,0,0
S,5904,23616000,348,0,0
S,5905,23620000,353,0,0
S,5906,23624000,347,0,0
S,5907,23628000,346,0,0
S,5908,23632000,354,0,0
S,5909,23636000,354,0,0
S,5910,23640000,356,0,0
S,5911,23644000,348,0,0
S,5912,23648000,349,0,0
S,5913,23652000,353,0,0
S,5914,23656000,351,0,0
S,5915,23660000,353,0,0
S,5916,23664000,363,0,0
S,5917,23668000,358,0,0
S,5918,23672000,356,0,0
S,5919,23676000,361,0,0
S,5920,23680000,364,0,0
S,5921,23684000,364,0,0
S,5922,23688000,362,0,0
S,5923,23692000,358,0,0
S,5924,23696000,359,0,0
S,5925,23700000,363,0,0
S,5926,23704000,360,0,0
S,5927,23708000,362,0,0
S,5928,23712000,356,0,0
S,5929,23716000,369,0,0
S,5930,23720000,368,0,0
S,5931,23724000,370,0,0
S,5932,23728000,368,0,0
S,5933,23732000,366,0,0
S,5934,23736000,370,0,0
S,5935,23740000,368,0,0
S,5936,23744000,368,0,0
S,5937,23748000,368,0,0
S,5938,23752000,370,0,0
S,5939,23756000,370,0,0
S,5940,23760000,368,0,0
S,5941,23764000,365,0,0
S,5942,23768000,367,0,0
S,5943,23772000,368,0,0
S,5944,23776000,372,0,0
S,5945,23780000,369,0,0
S,5946,23784000,368,0,0
S,5947,23788000,371,0,0
S,5948,23792000,368,0,0
S,5949,23796000,368,0,0
S,5950,23800000,369,0,0
S,5951,23804000,365,0,0
S,5952,23808000,370,0,0
S,5953,23812000,369,0,0
S,5954,23816000,368,0,0
S,5955,23820000,366,0,0
S,5956,23824000,369,0,0
S,5957,23828000,372,0,0
S,5958,23832000,367,0,0
S,5959,23836000,366,0,0
S,5960,23840000,370,0,0
S,5961,23844000,365,0,0
S,5962,23848000,364,0,0
S,5963,23852000,368,0,0
S,5964,23856000,367,0,0
S,5965,23860000,368,0,0
S,5966,23864000,368,0,0
S,5967,23868000,370,0,0
S,5968,23872000,368,0,0
S,5969,23876000,368,0,0
S,5970,23880000,368,0,0
S,5971,23884000,370,0,0
S,5972,23888000,371,0,0
S,5973,23892000,371,0,0
S,5974,23896000,371,0,0
S,5975,23900000,362,0,0
S,5976,23904000,367,0,0
S,5977,23908000,369,0,0
S,5978,23912000,370,0,0
S,5979,23916000,366,0,0
S,5980,23920000,373,0,0
S,5981,23924000,370,0,0
S,5982,23928000,368,0,0
S,5983,23932000,370,0,0
S,5984,23936000,369,0,0
S,5985,23940000,368,0,0
S,5986,23944000,371,0,0
S,5987,23948000,369,0,0
S,5988,23952000,367,0,0
S,5989,23956000,368,0,0
S,5990,23960000,370,0,0
S,5991,23964000,367,0,0
S,5992,23968000,373,0,0
S,5993,23972000,367,0,0
S,5994,23976000,374,0,0
S,5995,23980000,372,0,0
S,5996,23984000,368,0,0
S,5997,23988000,370,0,0
S,5998,23992000,373,0,0
S,5999,23996000,370,0,0
